state,zip,facility_count
AK,99501,2
AK,99503,6
AK,99507,1
AK,99508,10
AK,99518,2
AK,99559,2
AK,99574,1
AK,99577,2
AK,99603,1
AK,99611,2
AK,99615,2
AK,99645,1
AK,99654,7
AK,99664,2
AK,99669,2
AK,99685,1
AK,99686,1
AK,99687,1
AK,99701,3
AK,99709,3
AK,99723,3
AK,99737,1
AK,99743,1
AK,99744,1
AK,99752,1
AK,99760,1
AK,99801,6
AK,99827,1
AK,99833,1
AK,99835,2
AK,99901,4
AK,99925,1
AK,99929,2
AL,35010,1
AL,35022,1
AL,35040,1
AL,35042,1
AL,35044,1
AL,35045,1
AL,35124,1
AL,35150,1
AL,35205,1
AL,35208,1
AL,35210,1
AL,35212,1
AL,35216,1
AL,35235,1
AL,35242,1
AL,35401,2
AL,35404,1
AL,35462,1
AL,35470,1
AL,35501,3
AL,35504,1
AL,35541,1
AL,35555,1
AL,35565,1
AL,35601,1
AL,35630,1
AL,35660,1
AL,35758,1
AL,35768,1
AL,35801,1
AL,35802,2
AL,35901,1
AL,35906,1
AL,35954,1
AL,35960,2
AL,35967,1
AL,35976,1
AL,36027,1
AL,36037,1
AL,36049,2
AL,36083,1
AL,36106,2
AL,36109,1
AL,36116,1
AL,36117,1
AL,36203,1
AL,36207,2
AL,36301,2
AL,36302,1
AL,36303,1
AL,36310,1
AL,36330,1
AL,36340,1
AL,36360,1
AL,36420,2
AL,36518,1
AL,36526,1
AL,36527,1
AL,36604,2
AL,36605,1
AL,36617,1
AL,36703,1
AL,36732,2
AL,36744,1
AL,36801,1
AL,36854,1
AL,36867,1
AL,36869,1
AL,36904,1
AR,71601,1
AR,71603,2
AR,71635,2
AR,71639,1
AR,71653,1
AR,71654,1
AR,71655,3
AR,71657,1
AR,71667,1
AR,71671,3
AR,71701,1
AR,71730,2
AR,71753,1
AR,71801,1
AR,71832,1
AR,71854,2
AR,71901,1
AR,71909,1
AR,71913,3
AR,71953,1
AR,72006,1
AR,72015,1
AR,72019,1
AR,72021,1
AR,72023,1
AR,72031,1
AR,72034,4
AR,72086,1
AR,72104,3
AR,72110,1
AR,72112,2
AR,72113,1
AR,72114,2
AR,72116,1
AR,72117,2
AR,72118,1
AR,72126,1
AR,72143,3
AR,72150,1
AR,72160,1
AR,72201,2
AR,72204,3
AR,72205,3
AR,72209,3
AR,72210,1
AR,72211,1
AR,72223,1
AR,72225,1
AR,72301,2
AR,72315,1
AR,72335,1
AR,72342,1
AR,72360,1
AR,72396,1
AR,72401,4
AR,72404,1
AR,72422,1
AR,72433,1
AR,72450,3
AR,72455,1
AR,72472,1
AR,72476,1
AR,72501,1
AR,72529,2
AR,72543,1
AR,72556,1
AR,72560,1
AR,72576,1
AR,72601,2
AR,72616,1
AR,72631,1
AR,72650,1
AR,72653,3
AR,72687,1
AR,72701,1
AR,72703,3
AR,72704,1
AR,72712,3
AR,72740,1
AR,72756,2
AR,72758,1
AR,72761,2
AR,72762,4
AR,72764,2
AR,72801,3
AR,72802,1
AR,72830,3
AR,72855,1
AR,72901,2
AR,72903,4
AR,72904,1
AR,72923,1
AR,72927,2
AR,72949,1
AR,72951,1
AR,72956,3
AR,72958,1
AZ,85003,1
AZ,85004,3
AZ,85006,5
AZ,85007,2
AZ,85008,5
AZ,85009,2
AZ,85012,6
AZ,85013,2
AZ,85014,5
AZ,85015,3
AZ,85016,7
AZ,85017,5
AZ,85018,1
AZ,85020,2
AZ,85021,5
AZ,85022,3
AZ,85024,1
AZ,85027,3
AZ,85029,4
AZ,85031,4
AZ,85032,5
AZ,85033,2
AZ,85034,1
AZ,85037,2
AZ,85040,1
AZ,85041,4
AZ,85042,2
AZ,85044,2
AZ,85048,1
AZ,85051,3
AZ,85053,3
AZ,85085,1
AZ,85086,2
AZ,85120,4
AZ,85122,13
AZ,85123,2
AZ,85128,2
AZ,85131,1
AZ,85132,1
AZ,85142,1
AZ,85143,2
AZ,85201,8
AZ,85202,2
AZ,85203,3
AZ,85204,3
AZ,85205,2
AZ,85206,7
AZ,85207,1
AZ,85210,3
AZ,85212,2
AZ,85215,1
AZ,85224,1
AZ,85225,2
AZ,85226,1
AZ,85233,1
AZ,85234,1
AZ,85251,1
AZ,85254,1
AZ,85255,3
AZ,85257,1
AZ,85258,9
AZ,85259,2
AZ,85268,1
AZ,85281,3
AZ,85282,8
AZ,85283,3
AZ,85295,1
AZ,85296,3
AZ,85297,2
AZ,85301,1
AZ,85302,3
AZ,85304,1
AZ,85306,1
AZ,85308,3
AZ,85321,1
AZ,85323,3
AZ,85326,1
AZ,85331,2
AZ,85340,1
AZ,85344,1
AZ,85349,2
AZ,85358,1
AZ,85364,10
AZ,85365,3
AZ,85374,1
AZ,85375,1
AZ,85381,1
AZ,85382,1
AZ,85383,1
AZ,85390,3
AZ,85392,4
AZ,85395,3
AZ,85501,3
AZ,85533,1
AZ,85534,1
AZ,85541,5
AZ,85546,3
AZ,85552,1
AZ,85602,2
AZ,85603,2
AZ,85607,4
AZ,85614,2
AZ,85621,5
AZ,85623,1
AZ,85629,1
AZ,85634,1
AZ,85635,8
AZ,85643,1
AZ,85653,1
AZ,85701,1
AZ,85704,4
AZ,85705,6
AZ,85707,1
AZ,85710,2
AZ,85711,9
AZ,85712,8
AZ,85713,1
AZ,85714,2
AZ,85715,3
AZ,85716,6
AZ,85718,1
AZ,85719,3
AZ,85723,1
AZ,85730,1
AZ,85739,1
AZ,85741,1
AZ,85742,2
AZ,85745,4
AZ,85746,3
AZ,85750,1
AZ,85754,1
AZ,85755,1
AZ,85901,5
AZ,85929,2
AZ,85933,1
AZ,85935,1
AZ,85936,1
AZ,85937,1
AZ,85938,2
AZ,85940,1
AZ,85941,1
AZ,86001,4
AZ,86004,5
AZ,86022,1
AZ,86023,1
AZ,86025,3
AZ,86033,1
AZ,86040,2
AZ,86043,1
AZ,86046,1
AZ,86047,3
AZ,86301,8
AZ,86303,2
AZ,86305,8
AZ,86313,1
AZ,86314,5
AZ,86315,1
AZ,86322,1
AZ,86323,1
AZ,86326,4
AZ,86327,1
AZ,86336,1
AZ,86401,2
AZ,86403,4
AZ,86409,7
AZ,86432,1
AZ,86442,9
CA,90001,1
CA,90002,2
CA,90004,1
CA,90006,1
CA,90007,1
CA,90008,2
CA,90010,1
CA,90011,1
CA,90013,3
CA,90022,1
CA,90023,1
CA,90024,1
CA,90025,1
CA,90026,2
CA,90027,1
CA,90028,1
CA,90029,1
CA,90032,1
CA,90033,1
CA,90034,2
CA,90035,1
CA,90036,2
CA,90038,1
CA,90040,3
CA,90041,1
CA,90044,1
CA,90045,1
CA,90046,1
CA,90048,2
CA,90057,2
CA,90058,1
CA,90059,2
CA,90064,3
CA,90066,2
CA,90068,3
CA,90069,1
CA,90073,2
CA,90210,1
CA,90230,2
CA,90241,4
CA,90245,1
CA,90248,1
CA,90262,2
CA,90265,12
CA,90266,2
CA,90277,1
CA,90278,1
CA,90280,1
CA,90291,1
CA,90301,1
CA,90403,1
CA,90502,1
CA,90503,1
CA,90504,2
CA,90604,1
CA,90638,1
CA,90650,1
CA,90670,3
CA,90703,1
CA,90710,1
CA,90712,1
CA,90720,1
CA,90731,4
CA,90732,1
CA,90802,1
CA,90803,4
CA,90804,1
CA,90805,2
CA,90806,3
CA,90807,2
CA,90808,1
CA,90813,1
CA,91001,1
CA,91030,1
CA,91101,2
CA,91103,2
CA,91104,1
CA,91106,2
CA,91107,2
CA,91203,1
CA,91204,1
CA,91205,1
CA,91214,1
CA,91301,10
CA,91302,2
CA,91303,1
CA,91304,1
CA,91311,2
CA,91316,1
CA,91324,2
CA,91331,3
CA,91335,2
CA,91340,1
CA,91342,1
CA,91343,4
CA,91350,4
CA,91351,1
CA,91356,12
CA,91360,1
CA,91361,3
CA,91362,4
CA,91364,6
CA,91367,9
CA,91387,3
CA,91402,1
CA,91403,1
CA,91406,3
CA,91436,6
CA,91601,1
CA,91605,1
CA,91606,2
CA,91706,1
CA,91710,2
CA,91711,3
CA,91723,2
CA,91724,2
CA,91730,3
CA,91733,3
CA,91739,1
CA,91740,1
CA,91746,1
CA,91750,1
CA,91761,2
CA,91762,1
CA,91763,1
CA,91764,1
CA,91767,1
CA,91786,4
CA,91791,1
CA,91901,1
CA,91910,1
CA,91911,1
CA,91914,1
CA,91932,1
CA,91935,4
CA,91941,2
CA,91942,4
CA,91950,2
CA,92003,1
CA,92007,1
CA,92009,1
CA,92014,3
CA,92020,2
CA,92021,1
CA,92024,4
CA,92025,3
CA,92029,1
CA,92037,1
CA,92054,1
CA,92056,2
CA,92064,1
CA,92071,1
CA,92078,2
CA,92084,4
CA,92101,1
CA,92102,2
CA,92103,2
CA,92104,1
CA,92105,3
CA,92108,3
CA,92109,3
CA,92110,1
CA,92111,2
CA,92113,3
CA,92114,2
CA,92117,1
CA,92123,2
CA,92124,1
CA,92129,1
CA,92130,2
CA,92173,2
CA,92211,1
CA,92220,3
CA,92225,1
CA,92240,1
CA,92262,4
CA,92270,2
CA,92274,1
CA,92307,1
CA,92309,1
CA,92311,2
CA,92313,1
CA,92324,3
CA,92345,1
CA,92373,1
CA,92374,2
CA,92392,1
CA,92395,1
CA,92401,1
CA,92404,1
CA,92408,2
CA,92415,1
CA,92501,2
CA,92504,3
CA,92506,3
CA,92508,1
CA,92530,1
CA,92539,1
CA,92543,1
CA,92561,2
CA,92562,1
CA,92563,1
CA,92583,2
CA,92590,1
CA,92592,1
CA,92612,1
CA,92618,2
CA,92620,1
CA,92624,1
CA,92626,9
CA,92627,12
CA,92630,2
CA,92646,5
CA,92647,1
CA,92648,4
CA,92649,1
CA,92651,5
CA,92653,2
CA,92660,12
CA,92663,4
CA,92675,10
CA,92691,3
CA,92701,1
CA,92705,4
CA,92707,1
CA,92708,3
CA,92801,6
CA,92805,1
CA,92806,1
CA,92807,1
CA,92841,2
CA,92843,1
CA,92868,3
CA,92869,11
CA,92882,1
CA,92883,1
CA,93001,1
CA,93003,2
CA,93010,3
CA,93012,1
CA,93021,3
CA,93023,1
CA,93036,2
CA,93060,1
CA,93063,1
CA,93065,1
CA,93101,3
CA,93105,2
CA,93111,1
CA,93230,2
CA,93292,1
CA,93304,2
CA,93305,1
CA,93306,2
CA,93307,1
CA,93308,1
CA,93309,2
CA,93312,1
CA,93401,1
CA,93436,1
CA,93454,1
CA,93514,2
CA,93516,1
CA,93534,4
CA,93535,4
CA,93536,2
CA,93546,1
CA,93550,2
CA,93551,3
CA,93561,1
CA,93610,1
CA,93619,2
CA,93637,1
CA,93638,2
CA,93644,1
CA,93703,1
CA,93704,1
CA,93711,1
CA,93720,1
CA,93726,1
CA,93727,1
CA,93933,1
CA,93940,3
CA,93942,1
CA,93950,1
CA,93955,1
CA,94025,1
CA,94061,2
CA,94087,1
CA,94102,2
CA,94103,2
CA,94107,2
CA,94109,1
CA,94110,2
CA,94111,1
CA,94112,1
CA,94114,1
CA,94117,1
CA,94121,1
CA,94124,1
CA,94303,1
CA,94305,1
CA,94306,1
CA,94401,1
CA,94508,1
CA,94509,1
CA,94515,2
CA,94520,4
CA,94526,2
CA,94534,1
CA,94535,1
CA,94538,2
CA,94539,1
CA,94544,1
CA,94549,1
CA,94553,4
CA,94565,1
CA,94566,1
CA,94571,1
CA,94583,1
CA,94586,1
CA,94590,2
CA,94597,1
CA,94598,2
CA,94609,1
CA,94612,1
CA,94709,2
CA,94801,1
CA,94901,7
CA,94903,1
CA,94945,2
CA,94951,1
CA,94952,3
CA,94965,1
CA,95003,1
CA,95008,2
CA,95010,1
CA,95023,2
CA,95046,1
CA,95060,3
CA,95062,1
CA,95112,1
CA,95119,2
CA,95122,2
CA,95125,1
CA,95126,1
CA,95127,1
CA,95131,1
CA,95138,1
CA,95201,1
CA,95202,1
CA,95204,1
CA,95228,1
CA,95249,1
CA,95338,1
CA,95350,2
CA,95351,1
CA,95370,1
CA,95379,1
CA,95401,3
CA,95403,1
CA,95409,1
CA,95422,1
CA,95437,1
CA,95458,1
CA,95470,1
CA,95472,1
CA,95501,2
CA,95503,1
CA,95521,1
CA,95542,1
CA,95556,1
CA,95603,2
CA,95605,1
CA,95608,1
CA,95610,1
CA,95616,2
CA,95621,1
CA,95624,1
CA,95628,1
CA,95629,1
CA,95630,1
CA,95650,2
CA,95655,1
CA,95661,1
CA,95662,5
CA,95667,2
CA,95678,1
CA,95682,2
CA,95688,1
CA,95695,3
CA,95736,1
CA,95742,1
CA,95746,1
CA,95758,1
CA,95763,3
CA,95776,1
CA,95816,1
CA,95817,1
CA,95823,2
CA,95825,3
CA,95826,3
CA,95827,2
CA,95829,1
CA,95833,1
CA,95834,2
CA,95841,1
CA,95864,2
CA,95901,2
CA,95914,2
CA,95918,1
CA,95926,3
CA,95928,1
CA,95932,1
CA,95936,1
CA,95945,4
CA,95953,1
CA,95961,1
CA,95963,3
CA,95965,1
CA,95966,1
CA,95971,1
CA,95988,2
CA,95991,5
CA,95993,1
CA,96001,4
CA,96002,3
CA,96013,1
CA,96032,1
CA,96039,1
CA,96041,1
CA,96055,1
CA,96067,1
CA,96084,1
CA,96093,1
CA,96097,2
CA,96118,1
CA,96120,1
CA,96130,1
CA,96150,1
CA,96161,1
CO,80002,1
CO,80003,1
CO,80010,2
CO,80011,4
CO,80014,1
CO,80020,1
CO,80021,2
CO,80022,2
CO,80026,2
CO,80027,1
CO,80031,1
CO,80033,3
CO,80040,1
CO,80045,1
CO,80104,2
CO,80107,1
CO,80110,3
CO,80111,3
CO,80112,5
CO,80120,3
CO,80127,1
CO,80134,2
CO,80137,1
CO,80138,1
CO,80202,1
CO,80203,1
CO,80204,4
CO,80205,1
CO,80206,2
CO,80209,1
CO,80210,1
CO,80211,1
CO,80215,5
CO,80216,1
CO,80218,1
CO,80219,2
CO,80222,3
CO,80226,1
CO,80228,1
CO,80229,1
CO,80230,5
CO,80231,1
CO,80232,1
CO,80233,1
CO,80234,3
CO,80235,1
CO,80237,3
CO,80238,1
CO,80246,1
CO,80260,3
CO,80302,3
CO,80303,1
CO,80304,3
CO,80422,1
CO,80435,1
CO,80439,2
CO,80443,1
CO,80446,1
CO,80452,1
CO,80487,2
CO,80501,5
CO,80525,3
CO,80530,1
CO,80538,1
CO,80601,1
CO,80634,2
CO,80701,2
CO,80720,1
CO,80734,1
CO,80737,1
CO,80751,2
CO,80759,1
CO,80807,1
CO,80809,1
CO,80810,1
CO,80828,1
CO,80903,1
CO,80906,1
CO,80907,2
CO,80909,2
CO,80910,1
CO,80916,1
CO,80917,1
CO,80918,4
CO,80919,1
CO,80920,2
CO,80923,1
CO,81001,3
CO,81003,1
CO,81004,1
CO,81005,1
CO,81006,1
CO,81007,1
CO,81036,1
CO,81050,1
CO,81052,1
CO,81063,1
CO,81073,1
CO,81082,2
CO,81089,1
CO,81101,2
CO,81120,1
CO,81125,1
CO,81132,1
CO,81133,1
CO,81140,1
CO,81144,1
CO,81147,1
CO,81152,1
CO,81154,1
CO,81212,3
CO,81230,1
CO,81301,1
CO,81321,1
CO,81324,1
CO,81401,2
CO,81416,1
CO,81423,1
CO,81435,1
CO,81501,2
CO,81601,3
CO,81611,1
CO,81625,2
DC,20001,2
DC,20002,2
DC,20003,1
DC,20005,1
DC,20008,1
DC,20010,1
DC,20017,1
DC,20020,4
DC,20032,3
DC,20036,2
DC,20422,1
DE,19701,2
DE,19702,1
DE,19709,1
DE,19713,3
DE,19720,2
DE,19801,3
DE,19802,2
DE,19805,2
DE,19806,1
DE,19808,2
DE,19901,4
DE,19904,2
DE,19947,4
DE,19952,1
DE,19963,3
DE,19966,1
DE,19973,2
FL,32011,1
FL,32025,1
FL,32034,1
FL,32046,1
FL,32052,1
FL,32054,1
FL,32055,1
FL,32060,1
FL,32063,1
FL,32073,1
FL,32084,4
FL,32086,2
FL,32091,1
FL,32097,1
FL,32110,3
FL,32113,1
FL,32114,5
FL,32117,2
FL,32119,1
FL,32124,1
FL,32136,1
FL,32174,3
FL,32177,2
FL,32179,1
FL,32202,1
FL,32204,1
FL,32206,3
FL,32207,1
FL,32211,1
FL,32216,2
FL,32246,2
FL,32250,1
FL,32254,2
FL,32256,2
FL,32257,1
FL,32301,1
FL,32303,1
FL,32320,1
FL,32324,1
FL,32327,1
FL,32351,1
FL,32405,2
FL,32424,1
FL,32425,1
FL,32428,1
FL,32448,1
FL,32456,1
FL,32501,1
FL,32503,2
FL,32534,1
FL,32535,1
FL,32536,1
FL,32547,1
FL,32548,2
FL,32563,1
FL,32566,1
FL,32601,1
FL,32606,1
FL,32608,4
FL,32626,1
FL,32628,1
FL,32641,1
FL,32668,1
FL,32693,1
FL,32701,1
FL,32702,1
FL,32703,3
FL,32714,1
FL,32720,2
FL,32724,1
FL,32725,1
FL,32726,1
FL,32750,1
FL,32751,1
FL,32763,1
FL,32771,3
FL,32778,1
FL,32779,1
FL,32780,1
FL,32784,1
FL,32789,1
FL,32792,1
FL,32796,1
FL,32801,3
FL,32803,2
FL,32806,2
FL,32807,1
FL,32808,2
FL,32809,2
FL,32810,1
FL,32819,2
FL,32822,2
FL,32825,1
FL,32826,1
FL,32827,1
FL,32904,2
FL,32922,3
FL,32931,1
FL,32934,1
FL,32940,1
FL,32955,2
FL,32960,2
FL,32966,1
FL,33010,1
FL,33012,3
FL,33014,1
FL,33016,1
FL,33020,3
FL,33021,3
FL,33024,1
FL,33025,2
FL,33026,2
FL,33027,1
FL,33030,4
FL,33034,1
FL,33037,2
FL,33040,2
FL,33050,1
FL,33054,2
FL,33056,1
FL,33060,1
FL,33062,1
FL,33064,2
FL,33065,1
FL,33069,2
FL,33125,3
FL,33126,4
FL,33127,3
FL,33132,1
FL,33133,1
FL,33134,3
FL,33135,2
FL,33136,1
FL,33137,6
FL,33139,3
FL,33142,2
FL,33143,1
FL,33150,1
FL,33156,1
FL,33157,2
FL,33160,1
FL,33161,2
FL,33162,1
FL,33165,1
FL,33169,2
FL,33170,1
FL,33173,2
FL,33176,3
FL,33178,1
FL,33181,1
FL,33186,1
FL,33189,1
FL,33190,1
FL,33193,1
FL,33301,1
FL,33304,2
FL,33305,1
FL,33306,1
FL,33308,2
FL,33309,7
FL,33311,3
FL,33312,2
FL,33313,2
FL,33314,3
FL,33315,1
FL,33316,2
FL,33317,1
FL,33319,4
FL,33321,2
FL,33322,1
FL,33323,1
FL,33330,1
FL,33351,3
FL,33401,4
FL,33403,2
FL,33404,1
FL,33405,1
FL,33406,1
FL,33407,11
FL,33408,3
FL,33409,1
FL,33410,1
FL,33411,1
FL,33417,1
FL,33426,2
FL,33433,1
FL,33435,1
FL,33437,1
FL,33441,3
FL,33442,1
FL,33444,1
FL,33445,4
FL,33461,2
FL,33462,4
FL,33467,3
FL,33469,1
FL,33476,1
FL,33480,1
FL,33483,5
FL,33484,2
FL,33486,3
FL,33487,3
FL,33511,2
FL,33525,1
FL,33540,1
FL,33543,1
FL,33549,1
FL,33559,1
FL,33563,1
FL,33602,1
FL,33605,2
FL,33606,2
FL,33607,2
FL,33610,3
FL,33612,3
FL,33613,1
FL,33614,1
FL,33618,3
FL,33619,1
FL,33625,1
FL,33634,1
FL,33637,1
FL,33647,1
FL,33705,2
FL,33710,1
FL,33711,2
FL,33713,2
FL,33716,1
FL,33756,2
FL,33759,1
FL,33760,1
FL,33761,1
FL,33763,1
FL,33764,2
FL,33765,1
FL,33773,1
FL,33774,1
FL,33777,1
FL,33782,1
FL,33801,2
FL,33803,2
FL,33805,3
FL,33809,1
FL,33813,1
FL,33830,1
FL,33870,1
FL,33873,1
FL,33881,1
FL,33901,7
FL,33907,3
FL,33908,2
FL,33912,2
FL,33916,3
FL,33919,1
FL,33950,1
FL,33952,2
FL,33966,1
FL,33990,1
FL,34104,2
FL,34116,1
FL,34134,1
FL,34142,1
FL,34205,1
FL,34208,1
FL,34210,1
FL,34233,1
FL,34234,2
FL,34238,1
FL,34239,1
FL,34266,1
FL,34287,1
FL,34288,1
FL,34436,1
FL,34442,2
FL,34450,1
FL,34465,1
FL,34470,2
FL,34471,2
FL,34474,4
FL,34477,1
FL,34488,1
FL,34601,1
FL,34606,2
FL,34652,1
FL,34653,3
FL,34654,1
FL,34655,1
FL,34668,1
FL,34684,1
FL,34688,1
FL,34698,1
FL,34711,1
FL,34712,1
FL,34741,6
FL,34744,1
FL,34748,3
FL,34749,5
FL,34756,1
FL,34769,3
FL,34785,1
FL,34947,1
FL,34950,1
FL,34952,5
FL,34957,1
FL,34974,1
FL,34981,3
FL,34984,2
FL,34986,3
FL,34994,2
FL,34997,3
GA,30005,1
GA,30011,1
GA,30012,1
GA,30013,1
GA,30014,2
GA,30022,1
GA,30030,3
GA,30032,2
GA,30033,1
GA,30034,1
GA,30035,1
GA,30040,1
GA,30041,2
GA,30043,1
GA,30044,1
GA,30046,2
GA,30062,1
GA,30066,1
GA,30067,2
GA,30071,2
GA,30075,1
GA,30076,1
GA,30078,2
GA,30080,1
GA,30084,2
GA,30092,1
GA,30096,2
GA,30101,1
GA,30106,1
GA,30108,1
GA,30116,1
GA,30117,1
GA,30125,2
GA,30126,1
GA,30141,3
GA,30143,1
GA,30144,1
GA,30165,2
GA,30180,2
GA,30188,1
GA,30204,1
GA,30214,2
GA,30215,1
GA,30217,1
GA,30223,1
GA,30224,3
GA,30236,2
GA,30240,1
GA,30263,3
GA,30274,1
GA,30281,1
GA,30286,1
GA,30303,1
GA,30305,1
GA,30308,5
GA,30315,1
GA,30317,1
GA,30318,1
GA,30328,2
GA,30329,4
GA,30331,2
GA,30337,2
GA,30338,2
GA,30339,4
GA,30340,1
GA,30341,1
GA,30342,2
GA,30345,1
GA,30349,3
GA,30350,3
GA,30401,2
GA,30439,1
GA,30453,1
GA,30458,1
GA,30467,1
GA,30474,2
GA,30501,2
GA,30512,1
GA,30528,1
GA,30533,1
GA,30534,1
GA,30535,1
GA,30549,1
GA,30566,1
GA,30571,1
GA,30577,1
GA,30601,3
GA,30606,4
GA,30635,1
GA,30642,1
GA,30643,1
GA,30655,1
GA,30680,2
GA,30720,1
GA,30742,1
GA,30747,1
GA,30752,1
GA,30830,1
GA,30904,1
GA,30905,2
GA,30906,2
GA,30907,1
GA,30909,2
GA,31015,1
GA,31021,2
GA,31023,1
GA,31030,1
GA,31088,1
GA,31204,1
GA,31217,1
GA,31302,1
GA,31313,3
GA,31326,1
GA,31404,1
GA,31405,1
GA,31406,6
GA,31501,1
GA,31503,2
GA,31510,1
GA,31513,2
GA,31520,1
GA,31522,1
GA,31533,1
GA,31548,1
GA,31553,1
GA,31602,4
GA,31620,1
GA,31634,1
GA,31643,1
GA,31701,2
GA,31707,1
GA,31709,1
GA,31757,1
GA,31763,1
GA,31768,2
GA,31779,1
GA,31792,2
GA,31794,1
GA,31901,1
GA,31904,1
GA,31906,1
GA,31907,1
GA,39819,1
GA,39823,1
GU,96913,1
HI,96713,1
HI,96720,2
HI,96731,1
HI,96734,1
HI,96738,1
HI,96740,3
HI,96744,3
HI,96746,1
HI,96750,2
HI,96778,1
HI,96786,1
HI,96792,1
HI,96797,1
HI,96816,1
HI,96817,2
HI,96819,2
IA,50010,4
IA,50021,1
IA,50022,1
IA,50023,1
IA,50025,1
IA,50036,1
IA,50049,1
IA,50060,1
IA,50115,1
IA,50125,3
IA,50129,1
IA,50138,2
IA,50140,1
IA,50158,1
IA,50208,2
IA,50213,2
IA,50220,1
IA,50265,1
IA,50276,1
IA,50309,3
IA,50310,1
IA,50314,3
IA,50316,1
IA,50317,2
IA,50325,1
IA,50401,2
IA,50421,1
IA,50436,1
IA,50438,1
IA,50441,1
IA,50501,2
IA,50536,1
IA,50583,2
IA,50588,3
IA,50595,1
IA,50602,1
IA,50616,1
IA,50619,1
IA,50630,1
IA,50662,1
IA,50677,1
IA,50701,1
IA,50702,1
IA,50703,3
IA,50801,1
IA,51012,1
IA,51031,1
IA,51101,5
IA,51103,2
IA,51105,1
IA,51201,1
IA,51250,1
IA,51301,4
IA,51360,2
IA,51401,4
IA,51442,1
IA,51445,1
IA,51503,2
IA,51632,1
IA,52043,2
IA,52101,2
IA,52172,1
IA,52240,3
IA,52242,1
IA,52246,1
IA,52405,1
IA,52501,3
IA,52531,1
IA,52544,2
IA,52556,1
IA,52577,1
IA,52601,2
IA,52632,1
IA,52655,1
IA,52722,1
IA,52772,1
IA,52801,1
IA,52803,1
IA,52804,1
IA,52807,1
ID,83201,7
ID,83204,3
ID,83221,3
ID,83226,1
ID,83301,5
ID,83318,2
ID,83330,1
ID,83336,1
ID,83338,1
ID,83350,2
ID,83401,9
ID,83402,3
ID,83404,7
ID,83406,1
ID,83422,1
ID,83440,3
ID,83442,2
ID,83501,2
ID,83530,1
ID,83605,6
ID,83616,1
ID,83617,3
ID,83638,2
ID,83642,7
ID,83646,2
ID,83647,1
ID,83651,6
ID,83653,1
ID,83655,1
ID,83661,2
ID,83669,1
ID,83686,2
ID,83702,4
ID,83703,1
ID,83704,11
ID,83705,2
ID,83706,3
ID,83709,2
ID,83713,1
ID,83714,1
ID,83805,1
ID,83806,1
ID,83811,1
ID,83814,8
ID,83815,1
ID,83835,1
ID,83837,1
ID,83843,1
ID,83851,1
ID,83854,2
ID,83856,1
ID,83861,1
ID,83864,3
IL,60004,1
IL,60005,4
IL,60007,1
IL,60014,2
IL,60015,1
IL,60016,2
IL,60031,1
IL,60048,1
IL,60050,2
IL,60056,1
IL,60062,3
IL,60064,1
IL,60067,2
IL,60068,2
IL,60073,1
IL,60077,3
IL,60085,5
IL,60089,4
IL,60090,2
IL,60101,1
IL,60103,1
IL,60104,2
IL,60107,1
IL,60115,2
IL,60120,4
IL,60123,1
IL,60126,2
IL,60130,1
IL,60131,1
IL,60133,1
IL,60141,2
IL,60148,1
IL,60153,1
IL,60155,1
IL,60160,3
IL,60169,1
IL,60174,2
IL,60178,2
IL,60187,4
IL,60190,2
IL,60194,1
IL,60201,2
IL,60202,1
IL,60402,3
IL,60409,1
IL,60411,2
IL,60422,1
IL,60429,1
IL,60435,3
IL,60438,1
IL,60443,1
IL,60450,1
IL,60453,1
IL,60457,1
IL,60462,2
IL,60463,1
IL,60465,2
IL,60473,5
IL,60477,1
IL,60506,2
IL,60515,3
IL,60521,2
IL,60523,2
IL,60525,1
IL,60527,1
IL,60532,2
IL,60540,2
IL,60542,1
IL,60545,1
IL,60559,4
IL,60560,1
IL,60561,1
IL,60563,2
IL,60585,1
IL,60601,3
IL,60602,2
IL,60607,5
IL,60608,3
IL,60609,3
IL,60611,2
IL,60612,3
IL,60613,3
IL,60614,2
IL,60615,2
IL,60616,3
IL,60618,2
IL,60623,5
IL,60624,3
IL,60626,1
IL,60628,3
IL,60629,3
IL,60630,1
IL,60631,1
IL,60632,4
IL,60634,2
IL,60636,2
IL,60637,3
IL,60641,2
IL,60643,3
IL,60644,4
IL,60645,1
IL,60647,2
IL,60649,1
IL,60651,3
IL,60652,2
IL,60654,3
IL,60656,1
IL,60657,3
IL,60660,1
IL,60803,1
IL,60805,1
IL,60901,2
IL,60915,1
IL,60936,1
IL,60950,1
IL,60970,1
IL,61008,1
IL,61010,1
IL,61021,2
IL,61032,3
IL,61053,1
IL,61061,1
IL,61068,2
IL,61081,2
IL,61103,1
IL,61104,1
IL,61107,1
IL,61111,2
IL,61265,2
IL,61301,1
IL,61310,1
IL,61350,1
IL,61356,2
IL,61364,1
IL,61401,1
IL,61443,1
IL,61455,3
IL,61462,2
IL,61469,1
IL,61480,1
IL,61520,1
IL,61554,2
IL,61602,1
IL,61603,1
IL,61605,1
IL,61606,1
IL,61611,1
IL,61614,1
IL,61701,2
IL,61704,1
IL,61727,1
IL,61764,1
IL,61801,1
IL,61820,2
IL,61822,1
IL,61832,3
IL,61856,1
IL,61944,1
IL,61953,1
IL,62002,2
IL,62025,1
IL,62033,1
IL,62040,1
IL,62056,1
IL,62062,1
IL,62201,1
IL,62207,1
IL,62223,1
IL,62226,1
IL,62231,1
IL,62232,1
IL,62233,1
IL,62246,1
IL,62269,1
IL,62271,1
IL,62278,1
IL,62286,1
IL,62298,1
IL,62301,3
IL,62305,1
IL,62321,2
IL,62353,1
IL,62363,1
IL,62401,1
IL,62439,1
IL,62441,1
IL,62448,1
IL,62450,1
IL,62468,1
IL,62471,1
IL,62523,2
IL,62565,1
IL,62568,1
IL,62618,2
IL,62626,1
IL,62650,3
IL,62656,1
IL,62681,1
IL,62691,1
IL,62701,1
IL,62703,2
IL,62801,1
IL,62806,1
IL,62812,1
IL,62821,1
IL,62822,1
IL,62832,3
IL,62837,1
IL,62839,1
IL,62863,1
IL,62864,4
IL,62881,1
IL,62884,1
IL,62896,1
IL,62901,2
IL,62903,1
IL,62906,4
IL,62914,1
IL,62918,3
IL,62926,1
IL,62931,1
IL,62938,1
IL,62939,1
IL,62951,1
IL,62956,1
IL,62959,3
IL,62960,2
IL,62966,1
IL,62984,1
IL,62995,4
IN,46011,1
IN,46013,1
IN,46016,4
IN,46032,1
IN,46033,1
IN,46036,1
IN,46037,1
IN,46052,2
IN,46072,2
IN,46112,3
IN,46123,2
IN,46124,1
IN,46131,1
IN,46135,2
IN,46140,2
IN,46142,1
IN,46143,2
IN,46151,2
IN,46158,2
IN,46167,1
IN,46168,1
IN,46173,1
IN,46176,4
IN,46201,1
IN,46202,7
IN,46204,1
IN,46205,5
IN,46208,5
IN,46216,1
IN,46218,1
IN,46219,4
IN,46220,2
IN,46222,2
IN,46224,2
IN,46225,1
IN,46227,2
IN,46229,1
IN,46241,2
IN,46250,2
IN,46254,2
IN,46256,1
IN,46260,2
IN,46268,1
IN,46278,1
IN,46304,2
IN,46307,1
IN,46312,1
IN,46322,2
IN,46341,1
IN,46342,2
IN,46350,2
IN,46356,1
IN,46360,1
IN,46368,2
IN,46383,3
IN,46405,1
IN,46408,1
IN,46409,2
IN,46410,6
IN,46517,1
IN,46528,1
IN,46534,1
IN,46544,1
IN,46545,1
IN,46562,1
IN,46563,3
IN,46567,1
IN,46580,2
IN,46582,1
IN,46601,1
IN,46615,1
IN,46617,1
IN,46628,1
IN,46701,2
IN,46703,3
IN,46706,5
IN,46714,1
IN,46725,1
IN,46733,2
IN,46750,2
IN,46755,1
IN,46761,2
IN,46804,1
IN,46805,7
IN,46806,1
IN,46808,1
IN,46825,3
IN,46901,6
IN,46902,2
IN,46923,1
IN,46947,1
IN,46952,3
IN,46953,3
IN,46970,2
IN,46975,1
IN,46992,1
IN,46996,1
IN,47006,3
IN,47012,1
IN,47025,8
IN,47043,1
IN,47060,1
IN,47102,1
IN,47111,1
IN,47112,2
IN,47118,1
IN,47129,1
IN,47130,11
IN,47150,4
IN,47167,1
IN,47170,2
IN,47201,3
IN,47240,1
IN,47250,3
IN,47265,1
IN,47274,3
IN,47302,1
IN,47303,1
IN,47304,2
IN,47331,2
IN,47348,1
IN,47362,1
IN,47371,1
IN,47374,3
IN,47394,1
IN,47403,4
IN,47408,1
IN,47421,3
IN,47424,1
IN,47441,2
IN,47448,1
IN,47452,1
IN,47454,1
IN,47460,2
IN,47501,2
IN,47523,1
IN,47546,3
IN,47553,1
IN,47586,1
IN,47591,6
IN,47601,1
IN,47620,1
IN,47630,1
IN,47635,2
IN,47670,1
IN,47708,1
IN,47710,2
IN,47711,1
IN,47712,1
IN,47713,4
IN,47714,2
IN,47715,2
IN,47802,3
IN,47803,1
IN,47804,2
IN,47807,1
IN,47832,1
IN,47834,1
IN,47842,2
IN,47872,3
IN,47882,1
IN,47885,1
IN,47904,1
IN,47905,3
IN,47918,1
IN,47928,1
IN,47933,3
IN,47960,2
IN,47970,1
IN,47978,1
KS,66002,1
KS,66032,1
KS,66044,1
KS,66048,2
KS,66061,1
KS,66062,3
KS,66064,1
KS,66066,1
KS,66067,1
KS,66071,1
KS,66075,1
KS,66101,1
KS,66102,1
KS,66112,1
KS,66202,1
KS,66203,1
KS,66207,1
KS,66213,1
KS,66214,2
KS,66401,1
KS,66423,2
KS,66434,1
KS,66436,1
KS,66441,2
KS,66502,1
KS,66508,1
KS,66523,1
KS,66605,1
KS,66606,1
KS,66615,1
KS,66701,2
KS,66720,2
KS,66725,2
KS,66736,1
KS,66749,1
KS,66762,2
KS,66770,1
KS,66801,3
KS,66839,1
KS,66846,1
KS,66869,1
KS,66901,1
KS,66956,1
KS,67002,1
KS,67010,1
KS,67054,1
KS,67063,1
KS,67068,1
KS,67114,4
KS,67152,1
KS,67156,2
KS,67203,1
KS,67207,3
KS,67211,2
KS,67214,1
KS,67218,1
KS,67301,1
KS,67337,1
KS,67357,1
KS,67401,3
KS,67420,1
KS,67432,1
KS,67460,1
KS,67473,1
KS,67501,1
KS,67530,1
KS,67550,2
KS,67554,1
KS,67578,1
KS,67601,1
KS,67654,1
KS,67661,1
KS,67701,1
KS,67735,1
KS,67801,1
KS,67846,1
KS,67901,1
KY,40004,2
KY,40012,2
KY,40031,1
KY,40033,2
KY,40047,1
KY,40056,1
KY,40065,1
KY,40069,1
KY,40071,1
KY,40078,2
KY,40108,1
KY,40121,1
KY,40143,1
KY,40160,4
KY,40165,3
KY,40202,1
KY,40203,2
KY,40204,2
KY,40205,1
KY,40207,4
KY,40218,1
KY,40219,1
KY,40223,2
KY,40229,1
KY,40243,1
KY,40258,1
KY,40272,1
KY,40299,1
KY,40322,1
KY,40324,2
KY,40330,1
KY,40336,1
KY,40342,2
KY,40351,8
KY,40353,2
KY,40356,6
KY,40359,1
KY,40360,2
KY,40361,3
KY,40380,2
KY,40383,1
KY,40391,4
KY,40422,4
KY,40444,2
KY,40447,1
KY,40456,1
KY,40475,5
KY,40484,1
KY,40503,6
KY,40504,2
KY,40505,2
KY,40507,2
KY,40508,1
KY,40511,1
KY,40515,6
KY,40517,6
KY,40578,1
KY,40601,2
KY,40701,3
KY,40702,1
KY,40734,1
KY,40741,5
KY,40743,1
KY,40744,1
KY,40755,1
KY,40769,4
KY,40831,3
KY,40906,2
KY,40962,2
KY,40965,1
KY,40977,2
KY,41008,1
KY,41011,5
KY,41017,2
KY,41031,2
KY,41040,1
KY,41041,2
KY,41042,3
KY,41056,2
KY,41071,2
KY,41073,1
KY,41075,1
KY,41095,1
KY,41097,2
KY,41101,8
KY,41102,2
KY,41143,3
KY,41144,1
KY,41164,5
KY,41171,1
KY,41179,1
KY,41224,1
KY,41230,3
KY,41240,2
KY,41267,1
KY,41301,6
KY,41311,4
KY,41339,5
KY,41465,3
KY,41472,2
KY,41501,5
KY,41622,1
KY,41653,7
KY,41701,8
KY,41740,4
KY,41749,4
KY,41760,2
KY,41822,4
KY,41837,1
KY,41858,5
KY,42001,5
KY,42003,2
KY,42025,1
KY,42054,1
KY,42066,2
KY,42071,4
KY,42101,4
KY,42102,2
KY,42103,1
KY,42104,3
KY,42129,1
KY,42134,1
KY,42141,4
KY,42164,2
KY,42167,1
KY,42210,1
KY,42211,1
KY,42240,5
KY,42261,1
KY,42276,1
KY,42301,5
KY,42303,3
KY,42320,1
KY,42330,1
KY,42345,1
KY,42351,2
KY,42420,3
KY,42431,2
KY,42437,1
KY,42445,1
KY,42450,1
KY,42501,1
KY,42503,1
KY,42518,1
KY,42539,1
KY,42544,1
KY,42602,2
KY,42629,2
KY,42633,2
KY,42653,1
KY,42701,10
KY,42702,1
KY,42718,2
KY,42726,2
KY,42728,2
KY,42743,1
KY,42748,1
KY,42754,2
KY,42765,3
LA,70005,1
LA,70006,1
LA,70032,1
LA,70056,2
LA,70068,3
LA,70071,1
LA,70113,1
LA,70114,1
LA,70115,1
LA,70117,1
LA,70119,2
LA,70121,1
LA,70127,3
LA,70128,1
LA,70131,1
LA,70346,1
LA,70360,2
LA,70363,2
LA,70364,1
LA,70380,2
LA,70394,2
LA,70401,1
LA,70427,3
LA,70433,2
LA,70445,1
LA,70448,3
LA,70458,3
LA,70460,1
LA,70501,1
LA,70506,3
LA,70508,2
LA,70510,2
LA,70526,1
LA,70546,1
LA,70548,1
LA,70554,1
LA,70560,2
LA,70570,1
LA,70586,1
LA,70601,2
LA,70605,1
LA,70607,1
LA,70615,1
LA,70634,2
LA,70647,1
LA,70663,1
LA,70726,1
LA,70730,1
LA,70737,1
LA,70805,1
LA,70806,4
LA,70807,1
LA,70809,3
LA,70815,2
LA,70816,2
LA,71052,1
LA,71055,1
LA,71101,7
LA,71105,2
LA,71107,1
LA,71111,1
LA,71119,1
LA,71201,3
LA,71202,2
LA,71203,2
LA,71220,1
LA,71232,1
LA,71241,1
LA,71254,1
LA,71263,1
LA,71270,3
LA,71282,2
LA,71291,1
LA,71292,1
LA,71295,1
LA,71301,2
LA,71302,1
LA,71303,3
LA,71322,1
LA,71325,1
LA,71334,1
LA,71342,1
LA,71351,1
LA,71418,1
LA,71446,2
LA,71463,1
LA,71483,1
MD,20601,3
MD,20602,3
MD,20603,1
MD,20610,1
MD,20611,1
MD,20619,1
MD,20636,1
MD,20650,1
MD,20653,1
MD,20657,1
MD,20678,2
MD,20695,2
MD,20703,7
MD,20705,1
MD,20706,6
MD,20707,2
MD,20708,1
MD,20732,1
MD,20735,2
MD,20740,3
MD,20743,1
MD,20744,2
MD,20746,2
MD,20747,1
MD,20755,1
MD,20770,1
MD,20772,1
MD,20774,6
MD,20782,1
MD,20785,4
MD,20814,4
MD,20815,1
MD,20816,1
MD,20832,1
MD,20850,3
MD,20852,4
MD,20853,5
MD,20866,1
MD,20876,1
MD,20877,1
MD,20878,1
MD,20879,1
MD,20902,1
MD,20904,1
MD,20910,1
MD,21001,1
MD,21009,1
MD,21014,1
MD,21030,1
MD,21032,4
MD,21040,1
MD,21043,3
MD,21044,3
MD,21045,1
MD,21046,2
MD,21047,1
MD,21050,1
MD,21054,1
MD,21060,2
MD,21061,12
MD,21075,2
MD,21078,3
MD,21090,1
MD,21093,3
MD,21102,1
MD,21113,1
MD,21114,1
MD,21117,1
MD,21122,1
MD,21133,1
MD,21157,7
MD,21201,13
MD,21202,8
MD,21204,4
MD,21205,1
MD,21206,4
MD,21207,6
MD,21208,1
MD,21209,1
MD,21212,3
MD,21213,5
MD,21214,2
MD,21215,13
MD,21216,1
MD,21217,4
MD,21218,11
MD,21220,2
MD,21221,1
MD,21222,3
MD,21223,5
MD,21224,3
MD,21225,3
MD,21227,1
MD,21228,5
MD,21229,6
MD,21230,2
MD,21234,1
MD,21236,2
MD,21237,2
MD,21239,1
MD,21244,7
MD,21286,3
MD,21401,3
MD,21502,5
MD,21550,1
MD,21601,4
MD,21613,3
MD,21617,5
MD,21620,1
MD,21629,1
MD,21664,1
MD,21701,4
MD,21702,1
MD,21703,1
MD,21704,1
MD,21727,1
MD,21734,1
MD,21738,1
MD,21740,9
MD,21742,3
MD,21771,1
MD,21784,1
MD,21801,3
MD,21804,4
MD,21811,1
MD,21842,1
MD,21849,1
MD,21851,1
MD,21853,1
MD,21863,2
MD,21875,1
MD,21901,2
MD,21902,1
MD,21917,1
MD,21921,2
MI,48014,1
MI,48015,1
MI,48033,3
MI,48034,1
MI,48036,2
MI,48038,1
MI,48039,1
MI,48043,1
MI,48060,3
MI,48062,1
MI,48065,1
MI,48066,1
MI,48067,2
MI,48071,1
MI,48073,1
MI,48075,1
MI,48076,1
MI,48080,2
MI,48083,2
MI,48084,2
MI,48092,2
MI,48093,1
MI,48104,2
MI,48105,1
MI,48108,1
MI,48109,1
MI,48114,2
MI,48126,3
MI,48146,2
MI,48150,2
MI,48152,1
MI,48154,2
MI,48161,1
MI,48162,1
MI,48165,1
MI,48170,1
MI,48174,1
MI,48180,2
MI,48185,6
MI,48186,2
MI,48187,1
MI,48195,3
MI,48201,4
MI,48202,5
MI,48203,2
MI,48206,1
MI,48207,2
MI,48208,2
MI,48209,1
MI,48210,1
MI,48212,2
MI,48213,3
MI,48214,2
MI,48219,3
MI,48220,1
MI,48230,2
MI,48236,1
MI,48237,2
MI,48238,1
MI,48239,1
MI,48302,1
MI,48307,1
MI,48309,1
MI,48315,1
MI,48326,2
MI,48334,1
MI,48340,1
MI,48341,1
MI,48346,2
MI,48357,3
MI,48371,1
MI,48374,1
MI,48375,1
MI,48382,1
MI,48390,3
MI,48413,2
MI,48430,1
MI,48446,4
MI,48462,1
MI,48471,2
MI,48503,2
MI,48504,1
MI,48507,5
MI,48532,1
MI,48602,4
MI,48603,1
MI,48604,1
MI,48607,2
MI,48617,1
MI,48624,1
MI,48625,1
MI,48629,2
MI,48640,2
MI,48642,3
MI,48647,1
MI,48658,1
MI,48659,1
MI,48661,1
MI,48708,4
MI,48723,2
MI,48740,1
MI,48746,1
MI,48750,1
MI,48755,1
MI,48763,1
MI,48809,2
MI,48813,1
MI,48817,1
MI,48823,2
MI,48838,2
MI,48843,2
MI,48846,1
MI,48847,1
MI,48854,1
MI,48858,3
MI,48864,1
MI,48867,1
MI,48875,1
MI,48910,3
MI,48911,2
MI,48917,1
MI,49001,1
MI,49002,1
MI,49006,1
MI,49008,2
MI,49010,2
MI,49013,1
MI,49014,1
MI,49015,2
MI,49022,4
MI,49031,2
MI,49032,2
MI,49036,1
MI,49037,3
MI,49048,1
MI,49052,1
MI,49058,1
MI,49079,1
MI,49085,1
MI,49111,1
MI,49120,2
MI,49202,1
MI,49203,1
MI,49221,3
MI,49242,2
MI,49304,1
MI,49337,1
MI,49417,2
MI,49420,1
MI,49423,3
MI,49424,3
MI,49431,1
MI,49435,1
MI,49440,1
MI,49441,1
MI,49442,4
MI,49444,3
MI,49450,1
MI,49456,2
MI,49503,4
MI,49504,1
MI,49505,1
MI,49507,3
MI,49512,5
MI,49519,1
MI,49525,1
MI,49544,1
MI,49546,4
MI,49548,2
MI,49601,3
MI,49616,2
MI,49659,1
MI,49660,3
MI,49684,3
MI,49685,1
MI,49686,4
MI,49701,1
MI,49707,2
MI,49720,1
MI,49735,2
MI,49738,3
MI,49749,1
MI,49770,3
MI,49781,2
MI,49783,3
MI,49788,1
MI,49829,3
MI,49854,2
MI,49855,5
MI,49858,1
MI,49862,2
MI,49866,1
MI,49868,1
MI,49913,1
MI,49930,1
MI,49931,1
MI,49938,1
MN,55008,1
MN,55009,1
MN,55012,1
MN,55013,1
MN,55016,1
MN,55021,2
MN,55025,1
MN,55033,1
MN,55044,2
MN,55051,1
MN,55056,1
MN,55057,1
MN,55060,3
MN,55063,2
MN,55066,3
MN,55070,1
MN,55072,1
MN,55075,1
MN,55082,4
MN,55092,1
MN,55101,1
MN,55102,2
MN,55104,6
MN,55106,3
MN,55107,6
MN,55109,5
MN,55112,1
MN,55113,1
MN,55114,1
MN,55115,1
MN,55117,2
MN,55119,2
MN,55124,1
MN,55125,2
MN,55128,3
MN,55130,1
MN,55302,1
MN,55303,1
MN,55305,1
MN,55306,2
MN,55309,2
MN,55311,1
MN,55313,4
MN,55318,3
MN,55328,1
MN,55330,2
MN,55343,1
MN,55344,5
MN,55350,2
MN,55355,1
MN,55357,1
MN,55362,4
MN,55369,1
MN,55371,2
MN,55379,3
MN,55390,2
MN,55395,1
MN,55403,2
MN,55404,10
MN,55406,1
MN,55408,1
MN,55411,2
MN,55413,1
MN,55416,4
MN,55417,3
MN,55420,3
MN,55422,1
MN,55425,3
MN,55427,3
MN,55428,1
MN,55429,1
MN,55430,1
MN,55432,1
MN,55433,2
MN,55435,5
MN,55439,1
MN,55441,2
MN,55443,2
MN,55448,1
MN,55449,1
MN,55616,1
MN,55718,1
MN,55720,4
MN,55744,3
MN,55746,3
MN,55792,4
MN,55802,4
MN,55805,2
MN,55806,1
MN,55807,1
MN,55811,1
MN,55812,1
MN,55901,4
MN,55902,4
MN,55904,2
MN,55912,1
MN,55921,1
MN,55987,2
MN,56001,4
MN,56002,1
MN,56007,3
MN,56069,1
MN,56073,1
MN,56082,3
MN,56201,3
MN,56215,1
MN,56258,1
MN,56265,2
MN,56301,5
MN,56303,5
MN,56304,1
MN,56308,4
MN,56345,2
MN,56353,1
MN,56359,1
MN,56377,1
MN,56378,2
MN,56379,1
MN,56387,2
MN,56401,4
MN,56425,1
MN,56470,1
MN,56482,2
MN,56537,1
MN,56560,2
MN,56601,2
MN,56649,1
MN,56716,2
MN,56721,2
MO,63010,1
MO,63019,1
MO,63031,1
MO,63043,1
MO,63049,2
MO,63080,1
MO,63084,1
MO,63101,1
MO,63103,1
MO,63106,1
MO,63112,2
MO,63114,1
MO,63115,1
MO,63118,1
MO,63119,1
MO,63123,1
MO,63128,1
MO,63136,1
MO,63139,2
MO,63141,4
MO,63146,1
MO,63303,1
MO,63361,1
MO,63366,1
MO,63368,1
MO,63376,1
MO,63385,3
MO,63401,3
MO,63445,1
MO,63459,1
MO,63501,2
MO,63552,2
MO,63556,1
MO,63630,1
MO,63638,1
MO,63640,3
MO,63645,3
MO,63670,1
MO,63701,1
MO,63703,4
MO,63736,1
MO,63764,1
MO,63775,1
MO,63801,1
MO,63825,1
MO,63830,1
MO,63834,1
MO,63851,1
MO,63857,3
MO,63901,3
MO,63935,1
MO,63944,1
MO,63957,2
MO,63965,1
MO,64016,1
MO,64020,1
MO,64034,1
MO,64037,1
MO,64055,1
MO,64056,1
MO,64057,1
MO,64058,1
MO,64067,1
MO,64068,1
MO,64076,1
MO,64081,1
MO,64083,2
MO,64086,2
MO,64093,2
MO,64096,1
MO,64108,1
MO,64110,1
MO,64111,1
MO,64119,1
MO,64127,3
MO,64130,1
MO,64131,1
MO,64132,1
MO,64133,1
MO,64134,2
MO,64138,1
MO,64429,1
MO,64468,1
MO,64501,1
MO,64506,1
MO,64601,1
MO,64628,1
MO,64633,1
MO,64683,6
MO,64701,3
MO,64730,1
MO,64735,2
MO,64759,1
MO,64772,3
MO,64776,1
MO,64804,2
MO,64850,1
MO,65020,1
MO,65026,1
MO,65052,1
MO,65065,2
MO,65066,1
MO,65109,4
MO,65201,6
MO,65202,2
MO,65203,3
MO,65233,2
MO,65251,3
MO,65262,1
MO,65265,2
MO,65270,1
MO,65301,1
MO,65340,1
MO,65355,1
MO,65360,1
MO,65401,2
MO,65483,1
MO,65536,1
MO,65559,1
MO,65560,2
MO,65565,1
MO,65613,1
MO,65625,1
MO,65653,1
MO,65661,1
MO,65706,1
MO,65708,2
MO,65712,1
MO,65714,1
MO,65721,1
MO,65737,2
MO,65742,1
MO,65775,2
MO,65802,1
MO,65804,3
MO,65807,1
MP,96950,1
MS,38603,1
MS,38611,1
MS,38614,1
MS,38632,2
MS,38635,1
MS,38646,1
MS,38655,3
MS,38663,1
MS,38666,1
MS,38668,2
MS,38676,1
MS,38701,1
MS,38801,1
MS,38804,3
MS,38821,1
MS,38829,1
MS,38834,4
MS,38843,1
MS,38851,1
MS,38852,1
MS,38863,2
MS,38901,1
MS,38921,1
MS,38930,1
MS,38951,1
MS,38963,1
MS,38965,1
MS,39038,1
MS,39046,1
MS,39051,1
MS,39069,1
MS,39074,1
MS,39083,1
MS,39090,1
MS,39114,1
MS,39153,1
MS,39157,2
MS,39159,2
MS,39180,2
MS,39193,1
MS,39202,1
MS,39209,2
MS,39211,1
MS,39216,4
MS,39232,4
MS,39272,1
MS,39301,2
MS,39327,1
MS,39328,1
MS,39350,1
MS,39355,1
MS,39367,1
MS,39401,3
MS,39402,1
MS,39422,1
MS,39428,1
MS,39429,1
MS,39440,2
MS,39474,1
MS,39475,1
MS,39476,1
MS,39503,2
MS,39531,1
MS,39553,1
MS,39601,1
MS,39645,1
MS,39648,1
MS,39653,1
MS,39654,1
MS,39667,1
MS,39701,2
MS,39702,1
MS,39705,2
MS,39759,1
MT,59011,1
MT,59034,1
MT,59047,2
MT,59068,1
MT,59101,2
MT,59102,4
MT,59106,1
MT,59201,2
MT,59230,1
MT,59254,1
MT,59270,1
MT,59301,2
MT,59317,1
MT,59323,2
MT,59330,2
MT,59401,3
MT,59405,1
MT,59457,2
MT,59474,1
MT,59501,2
MT,59521,1
MT,59526,1
MT,59538,1
MT,59601,4
MT,59602,1
MT,59701,4
MT,59715,1
MT,59725,1
MT,59801,1
MT,59802,3
MT,59803,2
MT,59808,2
MT,59840,2
MT,59860,1
MT,59864,1
MT,59865,1
MT,59901,6
MT,59917,1
MT,59925,1
MT,59935,1
MT,59937,1
NC,27017,1
NC,27021,1
NC,27028,1
NC,27030,1
NC,27052,1
NC,27055,2
NC,27101,2
NC,27103,3
NC,27104,2
NC,27105,1
NC,27106,2
NC,27203,3
NC,27215,2
NC,27261,1
NC,27262,3
NC,27263,1
NC,27265,1
NC,27284,1
NC,27292,2
NC,27312,1
NC,27320,3
NC,27344,2
NC,27360,1
NC,27371,1
NC,27401,3
NC,27403,2
NC,27407,3
NC,27408,1
NC,27513,3
NC,27514,1
NC,27516,2
NC,27520,1
NC,27526,1
NC,27529,1
NC,27530,4
NC,27534,3
NC,27536,3
NC,27546,1
NC,27549,1
NC,27573,1
NC,27576,1
NC,27577,4
NC,27587,2
NC,27589,1
NC,27597,2
NC,27603,1
NC,27604,1
NC,27607,1
NC,27609,2
NC,27610,2
NC,27612,2
NC,27615,3
NC,27617,1
NC,27703,3
NC,27704,3
NC,27705,2
NC,27707,1
NC,27713,1
NC,27804,3
NC,27807,4
NC,27834,5
NC,27858,2
NC,27866,1
NC,27870,3
NC,27874,1
NC,27886,2
NC,27889,1
NC,27892,1
NC,27893,2
NC,27909,2
NC,27910,4
NC,27962,1
NC,27983,2
NC,28001,2
NC,28025,4
NC,28036,1
NC,28040,1
NC,28043,1
NC,28052,1
NC,28054,9
NC,28078,1
NC,28079,1
NC,28092,3
NC,28110,1
NC,28112,2
NC,28115,1
NC,28117,1
NC,28134,1
NC,28139,1
NC,28144,4
NC,28147,1
NC,28150,5
NC,28152,1
NC,28170,2
NC,28203,1
NC,28204,1
NC,28205,1
NC,28206,1
NC,28208,1
NC,28210,2
NC,28211,3
NC,28212,1
NC,28215,3
NC,28227,2
NC,28262,3
NC,28269,1
NC,28301,3
NC,28304,3
NC,28314,2
NC,28334,1
NC,28337,1
NC,28339,1
NC,28349,1
NC,28352,5
NC,28358,12
NC,28360,1
NC,28364,2
NC,28370,1
NC,28372,2
NC,28374,1
NC,28376,2
NC,28377,1
NC,28379,1
NC,28383,1
NC,28390,1
NC,28401,2
NC,28403,4
NC,28405,1
NC,28412,1
NC,28457,2
NC,28458,1
NC,28470,2
NC,28472,1
NC,28501,4
NC,28504,1
NC,28538,1
NC,28540,1
NC,28546,3
NC,28557,7
NC,28562,1
NC,28577,1
NC,28601,1
NC,28602,3
NC,28607,3
NC,28612,1
NC,28625,2
NC,28640,1
NC,28645,2
NC,28655,4
NC,28657,2
NC,28659,2
NC,28675,1
NC,28677,2
NC,28681,1
NC,28705,1
NC,28711,1
NC,28739,1
NC,28752,2
NC,28756,1
NC,28759,1
NC,28791,1
NC,28792,1
NC,28801,5
NC,28803,4
NC,28805,1
NC,28806,1
ND,58075,1
ND,58102,3
ND,58103,7
ND,58104,2
ND,58201,3
ND,58203,1
ND,58237,1
ND,58251,1
ND,58301,2
ND,58367,1
ND,58401,1
ND,58421,1
ND,58501,5
ND,58503,1
ND,58601,1
ND,58701,3
ND,58702,1
ND,58801,1
ND,58802,1
NE,68010,1
NE,68025,2
NE,68046,1
NE,68066,2
NE,68102,1
NE,68104,1
NE,68105,5
NE,68106,1
NE,68107,3
NE,68110,2
NE,68114,1
NE,68123,1
NE,68124,4
NE,68127,1
NE,68130,1
NE,68131,1
NE,68134,1
NE,68137,2
NE,68144,1
NE,68152,1
NE,68305,1
NE,68310,2
NE,68333,1
NE,68352,1
NE,68355,1
NE,68361,1
NE,68410,3
NE,68434,1
NE,68467,1
NE,68502,4
NE,68503,2
NE,68505,2
NE,68506,1
NE,68507,1
NE,68508,1
NE,68510,2
NE,68512,1
NE,68516,2
NE,68526,2
NE,68601,5
NE,68632,1
NE,68701,10
NE,68702,1
NE,68748,1
NE,68760,1
NE,68763,2
NE,68776,1
NE,68788,2
NE,68802,1
NE,68803,2
NE,68848,1
NE,68850,3
NE,68901,2
NE,69001,1
NE,69101,3
NE,69103,1
NE,69153,1
NE,69301,1
NE,69341,1
NE,69361,1
NM,87012,1
NM,87013,2
NM,87015,1
NM,87020,1
NM,87031,2
NM,87034,1
NM,87041,1
NM,87102,7
NM,87104,1
NM,87105,1
NM,87106,3
NM,87107,4
NM,87108,4
NM,87110,6
NM,87112,1
NM,87114,4
NM,87122,1
NM,87124,2
NM,87144,1
NM,87301,2
NM,87313,1
NM,87323,1
NM,87401,3
NM,87501,2
NM,87505,3
NM,87506,1
NM,87531,1
NM,87532,6
NM,87553,1
NM,87556,1
NM,87560,1
NM,87571,1
NM,87574,1
NM,87578,1
NM,87701,1
NM,87711,1
NM,87743,1
NM,87747,1
NM,87752,1
NM,87801,2
NM,87829,1
NM,87830,1
NM,88001,1
NM,88005,1
NM,88007,1
NM,88008,1
NM,88011,1
NM,88012,2
NM,88021,1
NM,88030,2
NM,88045,2
NM,88061,4
NM,88063,1
NM,88101,2
NM,88130,1
NM,88201,1
NM,88210,1
NM,88220,2
NM,88240,1
NM,88310,1
NM,88345,1
NM,88401,1
NM,88435,1
NV,89011,1
NV,89015,2
NV,89027,1
NV,89030,4
NV,89031,1
NV,89032,1
NV,89048,3
NV,89052,2
NV,89074,1
NV,89086,1
NV,89101,5
NV,89102,5
NV,89103,3
NV,89104,2
NV,89106,2
NV,89107,2
NV,89109,3
NV,89113,1
NV,89117,2
NV,89118,1
NV,89119,7
NV,89120,3
NV,89121,6
NV,89122,1
NV,89128,3
NV,89130,2
NV,89136,1
NV,89145,1
NV,89146,9
NV,89147,1
NV,89148,2
NV,89149,1
NV,89169,1
NV,89301,1
NV,89403,2
NV,89406,2
NV,89408,1
NV,89410,2
NV,89423,2
NV,89429,1
NV,89445,1
NV,89447,2
NV,89502,7
NV,89503,2
NV,89509,2
NV,89511,2
NV,89519,1
NV,89701,1
NV,89703,5
NV,89706,1
NV,89801,2
NY,10001,3
NY,10002,5
NY,10003,5
NY,10009,2
NY,10010,2
NY,10016,5
NY,10018,4
NY,10021,1
NY,10022,2
NY,10023,1
NY,10025,6
NY,10027,7
NY,10029,1
NY,10030,3
NY,10032,6
NY,10034,2
NY,10035,5
NY,10036,2
NY,10037,2
NY,10040,1
NY,10065,1
NY,10128,1
NY,10303,3
NY,10305,2
NY,10309,1
NY,10314,4
NY,10451,5
NY,10452,3
NY,10453,2
NY,10454,3
NY,10455,10
NY,10456,4
NY,10457,3
NY,10458,3
NY,10459,2
NY,10460,2
NY,10461,9
NY,10462,1
NY,10467,6
NY,10469,2
NY,10471,1
NY,10472,1
NY,10475,1
NY,10512,2
NY,10522,1
NY,10528,2
NY,10549,3
NY,10550,2
NY,10553,1
NY,10566,2
NY,10573,1
NY,10591,2
NY,10601,2
NY,10605,2
NY,10606,1
NY,10701,3
NY,10703,1
NY,10705,3
NY,10707,1
NY,10801,4
NY,10901,3
NY,10913,3
NY,10924,1
NY,10930,2
NY,10940,3
NY,10941,1
NY,10958,1
NY,10989,1
NY,11004,1
NY,11040,1
NY,11101,1
NY,11103,1
NY,11104,1
NY,11105,2
NY,11106,2
NY,11201,9
NY,11203,7
NY,11205,1
NY,11206,4
NY,11207,5
NY,11208,1
NY,11209,1
NY,11211,2
NY,11212,1
NY,11213,1
NY,11214,2
NY,11215,1
NY,11216,4
NY,11217,2
NY,11218,1
NY,11220,2
NY,11223,1
NY,11224,1
NY,11226,2
NY,11230,1
NY,11233,2
NY,11234,1
NY,11235,1
NY,11236,2
NY,11238,2
NY,11354,1
NY,11355,1
NY,11369,1
NY,11372,3
NY,11373,7
NY,11374,4
NY,11375,1
NY,11377,4
NY,11385,1
NY,11414,1
NY,11418,7
NY,11420,2
NY,11421,1
NY,11426,3
NY,11427,2
NY,11432,6
NY,11433,1
NY,11434,3
NY,11435,5
NY,11501,1
NY,11510,1
NY,11520,1
NY,11530,2
NY,11542,2
NY,11550,4
NY,11552,1
NY,11554,1
NY,11561,1
NY,11566,1
NY,11570,1
NY,11571,1
NY,11575,1
NY,11577,1
NY,11580,2
NY,11598,1
NY,11691,4
NY,11692,1
NY,11693,1
NY,11701,3
NY,11704,1
NY,11706,1
NY,11716,1
NY,11717,9
NY,11722,1
NY,11726,3
NY,11743,2
NY,11746,3
NY,11751,1
NY,11763,1
NY,11768,1
NY,11769,3
NY,11772,2
NY,11777,2
NY,11779,2
NY,11787,5
NY,11788,1
NY,11791,1
NY,11798,1
NY,11801,5
NY,11803,2
NY,11804,1
NY,11901,1
NY,11937,1
NY,11944,1
NY,11950,1
NY,11967,1
NY,12078,1
NY,12090,1
NY,12144,1
NY,12157,1
NY,12180,1
NY,12202,2
NY,12203,1
NY,12206,5
NY,12208,3
NY,12305,2
NY,12401,2
NY,12413,1
NY,12428,1
NY,12443,1
NY,12449,1
NY,12508,2
NY,12528,2
NY,12534,1
NY,12538,2
NY,12545,1
NY,12548,1
NY,12550,1
NY,12553,1
NY,12572,2
NY,12594,1
NY,12601,3
NY,12754,2
NY,12771,1
NY,12804,1
NY,12839,1
NY,12866,1
NY,12883,1
NY,12901,3
NY,12903,1
NY,12932,1
NY,12944,1
NY,12953,2
NY,12962,1
NY,12983,3
NY,13021,4
NY,13045,1
NY,13069,1
NY,13126,1
NY,13165,1
NY,13202,1
NY,13203,5
NY,13204,1
NY,13210,5
NY,13339,1
NY,13367,1
NY,13440,1
NY,13441,1
NY,13502,3
NY,13601,6
NY,13619,1
NY,13637,1
NY,13642,1
NY,13662,1
NY,13669,2
NY,13676,2
NY,13815,1
NY,13827,2
NY,13856,1
NY,13901,1
NY,13904,1
NY,14020,2
NY,14026,1
NY,14047,1
NY,14048,7
NY,14051,1
NY,14075,2
NY,14094,2
NY,14101,1
NY,14111,1
NY,14127,4
NY,14141,1
NY,14150,1
NY,14201,5
NY,14202,1
NY,14203,1
NY,14204,1
NY,14207,1
NY,14209,3
NY,14210,2
NY,14211,1
NY,14212,3
NY,14213,6
NY,14214,1
NY,14215,2
NY,14221,1
NY,14222,1
NY,14224,2
NY,14226,1
NY,14227,1
NY,14228,1
NY,14301,2
NY,14302,1
NY,14305,1
NY,14424,2
NY,14425,1
NY,14432,3
NY,14456,2
NY,14489,1
NY,14513,1
NY,14569,2
NY,14589,1
NY,14604,6
NY,14608,1
NY,14611,1
NY,14620,3
NY,14621,1
NY,14623,3
NY,14642,1
NY,14701,4
NY,14750,1
NY,14760,3
NY,14779,2
NY,14850,2
NY,14886,1
NY,14891,1
NY,14892,1
NY,14895,2
NY,14901,4
NY,14904,1
NY,14905,1
OH,43014,1
OH,43015,2
OH,43016,2
OH,43017,3
OH,43026,3
OH,43035,1
OH,43050,6
OH,43055,6
OH,43062,1
OH,43068,1
OH,43078,1
OH,43081,1
OH,43082,1
OH,43113,3
OH,43123,1
OH,43125,1
OH,43130,6
OH,43138,1
OH,43140,1
OH,43147,2
OH,43160,1
OH,43201,4
OH,43204,2
OH,43207,4
OH,43209,1
OH,43210,2
OH,43212,1
OH,43213,3
OH,43214,2
OH,43215,10
OH,43219,2
OH,43220,1
OH,43222,2
OH,43223,2
OH,43227,1
OH,43229,3
OH,43230,2
OH,43231,2
OH,43232,3
OH,43302,4
OH,43311,1
OH,43326,2
OH,43338,1
OH,43357,1
OH,43402,2
OH,43420,2
OH,43452,1
OH,43506,2
OH,43512,2
OH,43537,2
OH,43545,4
OH,43551,3
OH,43567,3
OH,43604,2
OH,43606,2
OH,43608,1
OH,43613,1
OH,43614,2
OH,43615,1
OH,43617,4
OH,43620,2
OH,43623,2
OH,43701,4
OH,43725,3
OH,43764,2
OH,43768,1
OH,43793,1
OH,43812,2
OH,43907,1
OH,43912,1
OH,43920,5
OH,43950,2
OH,43952,3
OH,44003,1
OH,44004,5
OH,44024,6
OH,44026,1
OH,44030,1
OH,44035,3
OH,44041,1
OH,44053,2
OH,44055,3
OH,44060,2
OH,44062,1
OH,44067,1
OH,44070,1
OH,44077,2
OH,44094,2
OH,44102,2
OH,44103,3
OH,44104,1
OH,44105,2
OH,44106,2
OH,44107,1
OH,44109,4
OH,44110,1
OH,44112,1
OH,44113,2
OH,44115,2
OH,44117,1
OH,44118,2
OH,44120,1
OH,44122,7
OH,44124,3
OH,44125,2
OH,44127,1
OH,44128,1
OH,44130,2
OH,44131,1
OH,44136,1
OH,44137,1
OH,44145,1
OH,44146,1
OH,44202,1
OH,44203,2
OH,44216,1
OH,44221,2
OH,44224,1
OH,44236,1
OH,44240,3
OH,44256,4
OH,44266,7
OH,44278,1
OH,44281,1
OH,44301,1
OH,44304,2
OH,44305,2
OH,44308,3
OH,44310,1
OH,44311,4
OH,44319,2
OH,44320,3
OH,44333,1
OH,44432,3
OH,44440,1
OH,44444,2
OH,44446,1
OH,44452,1
OH,44460,2
OH,44471,1
OH,44481,2
OH,44483,2
OH,44484,2
OH,44485,2
OH,44502,2
OH,44504,3
OH,44505,1
OH,44509,1
OH,44511,1
OH,44512,4
OH,44515,4
OH,44601,4
OH,44615,1
OH,44646,2
OH,44647,1
OH,44654,1
OH,44663,2
OH,44683,1
OH,44691,4
OH,44702,4
OH,44703,2
OH,44704,1
OH,44710,1
OH,44714,1
OH,44718,3
OH,44721,1
OH,44805,3
OH,44820,1
OH,44833,1
OH,44842,1
OH,44857,4
OH,44870,5
OH,44875,2
OH,44883,5
OH,44890,1
OH,44903,2
OH,44906,1
OH,44907,3
OH,45005,6
OH,45011,6
OH,45014,5
OH,45015,2
OH,45036,1
OH,45040,1
OH,45042,1
OH,45044,3
OH,45056,1
OH,45069,4
OH,45102,1
OH,45103,2
OH,45121,1
OH,45133,2
OH,45150,1
OH,45154,3
OH,45177,4
OH,45202,1
OH,45206,2
OH,45212,1
OH,45214,3
OH,45215,1
OH,45219,2
OH,45227,1
OH,45229,2
OH,45230,1
OH,45238,2
OH,45239,1
OH,45240,1
OH,45241,2
OH,45242,8
OH,45244,1
OH,45245,1
OH,45247,1
OH,45248,1
OH,45255,1
OH,45320,3
OH,45323,1
OH,45324,3
OH,45356,1
OH,45365,2
OH,45373,2
OH,45377,1
OH,45385,4
OH,45402,1
OH,45403,1
OH,45404,3
OH,45405,2
OH,45409,1
OH,45410,2
OH,45414,3
OH,45417,3
OH,45419,1
OH,45420,3
OH,45426,1
OH,45428,1
OH,45429,2
OH,45432,1
OH,45439,2
OH,45449,2
OH,45458,3
OH,45459,1
OH,45504,2
OH,45505,1
OH,45506,1
OH,45601,8
OH,45629,2
OH,45631,4
OH,45638,8
OH,45640,3
OH,45651,1
OH,45652,2
OH,45661,1
OH,45662,6
OH,45663,1
OH,45680,1
OH,45690,9
OH,45701,2
OH,45714,1
OH,45742,1
OH,45750,5
OH,45769,1
OH,45780,2
OH,45784,1
OH,45801,2
OH,45804,4
OH,45817,1
OH,45822,1
OH,45840,4
OH,45863,1
OH,45872,1
OH,45875,1
OH,45879,1
OH,45885,2
OH,45891,1
OK,73013,1
OK,73018,1
OK,73020,1
OK,73036,2
OK,73044,1
OK,73069,1
OK,73070,1
OK,73071,2
OK,73075,1
OK,73077,1
OK,73096,1
OK,73099,1
OK,73103,1
OK,73104,2
OK,73105,3
OK,73106,1
OK,73107,2
OK,73109,1
OK,73112,3
OK,73114,1
OK,73120,1
OK,73139,2
OK,73160,1
OK,73401,1
OK,73501,1
OK,73505,1
OK,73522,1
OK,73533,1
OK,73644,1
OK,73651,1
OK,73701,2
OK,73717,1
OK,73737,1
OK,73750,1
OK,73772,1
OK,73801,1
OK,73841,1
OK,73942,1
OK,74003,1
OK,74017,1
OK,74020,1
OK,74048,2
OK,74056,1
OK,74063,1
OK,74066,2
OK,74074,2
OK,74075,1
OK,74106,2
OK,74114,1
OK,74120,1
OK,74127,1
OK,74133,1
OK,74135,3
OK,74136,1
OK,74301,1
OK,74331,1
OK,74344,2
OK,74346,2
OK,74347,2
OK,74354,1
OK,74361,1
OK,74401,3
OK,74403,2
OK,74426,2
OK,74429,1
OK,74432,2
OK,74447,2
OK,74462,2
OK,74464,3
OK,74467,2
OK,74469,2
OK,74501,2
OK,74523,1
OK,74525,1
OK,74578,1
OK,74601,1
OK,74631,1
OK,74701,2
OK,74743,2
OK,74745,2
OK,74801,2
OK,74804,1
OK,74820,3
OK,74834,1
OK,74848,1
OK,74851,1
OK,74854,1
OK,74868,2
OK,74937,1
OK,74953,2
OK,74955,3
OK,74960,1
OK,74962,1
OR,97005,1
OR,97006,2
OR,97008,1
OR,97015,3
OR,97024,1
OR,97027,1
OR,97030,1
OR,97031,2
OR,97045,3
OR,97051,3
OR,97055,1
OR,97058,1
OR,97062,1
OR,97065,1
OR,97068,1
OR,97078,1
OR,97123,3
OR,97124,1
OR,97128,3
OR,97132,2
OR,97141,1
OR,97202,1
OR,97206,1
OR,97212,3
OR,97213,1
OR,97215,1
OR,97216,1
OR,97219,2
OR,97220,1
OR,97222,2
OR,97223,2
OR,97225,3
OR,97227,1
OR,97232,2
OR,97233,3
OR,97236,1
OR,97267,3
OR,97301,1
OR,97302,1
OR,97305,1
OR,97306,2
OR,97322,1
OR,97330,1
OR,97365,1
OR,97377,1
OR,97380,1
OR,97386,1
OR,97401,6
OR,97402,4
OR,97408,1
OR,97411,1
OR,97420,2
OR,97446,1
OR,97459,1
OR,97465,1
OR,97470,2
OR,97471,2
OR,97477,1
OR,97478,1
OR,97501,2
OR,97504,1
OR,97520,1
OR,97523,1
OR,97526,1
OR,97527,2
OR,97535,1
OR,97601,2
OR,97624,1
OR,97630,2
OR,97641,1
OR,97701,9
OR,97702,3
OR,97738,1
OR,97739,1
OR,97741,1
OR,97754,2
OR,97756,4
OR,97801,2
OR,97812,1
OR,97818,1
OR,97823,1
OR,97828,3
OR,97830,1
OR,97836,1
OR,97838,2
OR,97845,1
OR,97846,1
OR,97850,1
OR,97862,1
OR,97885,1
OR,97914,5
PA,15001,1
PA,15003,1
PA,15009,3
PA,15017,1
PA,15062,1
PA,15068,1
PA,15090,1
PA,15136,1
PA,15146,1
PA,15203,2
PA,15206,2
PA,15213,1
PA,15215,1
PA,15218,1
PA,15222,1
PA,15233,1
PA,15238,1
PA,15240,1
PA,15241,1
PA,15301,3
PA,15370,1
PA,15401,1
PA,15501,2
PA,15601,2
PA,15642,1
PA,15650,2
PA,15714,1
PA,15765,1
PA,15767,1
PA,15801,3
PA,15857,1
PA,15904,1
PA,16001,2
PA,16125,1
PA,16127,1
PA,16148,1
PA,16214,1
PA,16323,2
PA,16335,2
PA,16365,1
PA,16502,1
PA,16504,1
PA,16508,3
PA,16509,1
PA,16544,1
PA,16601,1
PA,16602,2
PA,16627,1
PA,16635,1
PA,16652,1
PA,16673,1
PA,16701,1
PA,16735,1
PA,16749,1
PA,16801,1
PA,16823,1
PA,16830,3
PA,16866,1
PA,16870,1
PA,16901,1
PA,16936,1
PA,17042,3
PA,17055,3
PA,17099,1
PA,17102,2
PA,17104,1
PA,17109,1
PA,17110,2
PA,17201,1
PA,17268,1
PA,17368,1
PA,17401,2
PA,17402,2
PA,17403,1
PA,17584,1
PA,17601,2
PA,17603,3
PA,17701,2
PA,17745,1
PA,17754,1
PA,17801,2
PA,17810,1
PA,17815,1
PA,17866,1
PA,17901,1
PA,17948,1
PA,18015,1
PA,18017,2
PA,18042,2
PA,18104,1
PA,18201,2
PA,18301,2
PA,18360,1
PA,18411,1
PA,18433,1
PA,18503,1
PA,18505,1
PA,18657,1
PA,18702,3
PA,18704,1
PA,18711,2
PA,18901,1
PA,18902,2
PA,18914,2
PA,18929,1
PA,18951,1
PA,18966,1
PA,19004,1
PA,19008,2
PA,19010,1
PA,19013,2
PA,19015,1
PA,19020,1
PA,19044,1
PA,19046,2
PA,19047,5
PA,19056,1
PA,19063,2
PA,19079,1
PA,19083,3
PA,19087,1
PA,19090,1
PA,19102,4
PA,19103,2
PA,19104,4
PA,19111,1
PA,19114,1
PA,19119,1
PA,19121,1
PA,19122,4
PA,19123,3
PA,19131,2
PA,19132,1
PA,19133,2
PA,19134,3
PA,19136,1
PA,19139,1
PA,19140,2
PA,19141,1
PA,19143,1
PA,19144,1
PA,19147,1
PA,19149,1
PA,19312,1
PA,19320,1
PA,19333,1
PA,19341,3
PA,19348,1
PA,19355,2
PA,19363,1
PA,19380,1
PA,19382,2
PA,19401,3
PA,19426,1
PA,19460,1
PA,19462,3
PA,19464,2
PA,19503,1
PA,19601,3
PA,19605,1
PA,19610,5
SC,29003,1
SC,29010,2
SC,29020,1
SC,29102,1
SC,29108,1
SC,29118,2
SC,29138,1
SC,29150,1
SC,29180,1
SC,29204,1
SC,29210,1
SC,29303,1
SC,29307,1
SC,29340,1
SC,29379,1
SC,29405,1
SC,29407,1
SC,29501,3
SC,29526,1
SC,29575,1
SC,29582,1
SC,29640,1
SC,29650,1
SC,29690,1
SC,29709,1
SC,29720,1
SC,29801,2
SC,29803,1
SC,29910,1
SD,57028,2
SD,57042,2
SD,57049,1
SD,57105,7
SD,57108,1
SD,57201,1
SD,57301,1
SD,57339,1
SD,57349,1
SD,57350,3
SD,57401,1
SD,57501,1
SD,57601,1
SD,57701,4
SD,57702,2
SD,57741,1
SD,57747,1
TN,37027,4
TN,37037,1
TN,37040,3
TN,37043,1
TN,37055,4
TN,37064,4
TN,37066,4
TN,37067,3
TN,37074,1
TN,37083,1
TN,37087,1
TN,37091,1
TN,37110,1
TN,37115,1
TN,37129,2
TN,37130,1
TN,37160,4
TN,37167,3
TN,37172,2
TN,37190,1
TN,37204,3
TN,37208,2
TN,37210,1
TN,37212,2
TN,37214,1
TN,37217,2
TN,37219,1
TN,37220,1
TN,37228,3
TN,37303,3
TN,37311,3
TN,37312,1
TN,37321,1
TN,37324,1
TN,37327,1
TN,37329,1
TN,37330,1
TN,37334,1
TN,37347,1
TN,37354,1
TN,37379,1
TN,37387,1
TN,37388,2
TN,37404,2
TN,37405,3
TN,37408,1
TN,37411,1
TN,37416,1
TN,37421,5
TN,37601,6
TN,37615,1
TN,37620,2
TN,37643,3
TN,37650,1
TN,37660,2
TN,37664,2
TN,37683,3
TN,37684,1
TN,37701,1
TN,37709,1
TN,37716,1
TN,37743,1
TN,37745,1
TN,37748,1
TN,37757,1
TN,37762,1
TN,37764,2
TN,37766,2
TN,37772,1
TN,37777,1
TN,37801,1
TN,37804,2
TN,37807,1
TN,37813,2
TN,37814,4
TN,37821,1
TN,37822,1
TN,37825,1
TN,37830,1
TN,37841,2
TN,37854,1
TN,37857,2
TN,37862,3
TN,37865,1
TN,37869,1
TN,37876,1
TN,37877,1
TN,37887,2
TN,37888,1
TN,37890,1
TN,37909,3
TN,37915,1
TN,37917,3
TN,37919,2
TN,37921,6
TN,37923,2
TN,38008,2
TN,38012,2
TN,38019,2
TN,38024,6
TN,38053,1
TN,38063,1
TN,38068,1
TN,38079,1
TN,38104,5
TN,38105,2
TN,38106,1
TN,38107,1
TN,38111,1
TN,38112,1
TN,38116,1
TN,38119,2
TN,38120,1
TN,38125,1
TN,38128,1
TN,38131,2
TN,38132,2
TN,38201,1
TN,38237,1
TN,38242,1
TN,38261,2
TN,38281,1
TN,38301,2
TN,38305,6
TN,38320,3
TN,38329,1
TN,38340,1
TN,38343,1
TN,38344,1
TN,38351,2
TN,38358,2
TN,38366,1
TN,38372,4
TN,38375,2
TN,38382,1
TN,38401,5
TN,38462,2
TN,38464,3
TN,38478,1
TN,38485,1
TN,38486,1
TN,38501,1
TN,38506,2
TN,38551,1
TN,38556,1
TN,38570,2
TN,38571,1
TN,38583,1
TX,75001,1
TX,75010,3
TX,75013,1
TX,75024,1
TX,75025,1
TX,75028,1
TX,75034,3
TX,75035,1
TX,75036,2
TX,75043,1
TX,75057,1
TX,75062,1
TX,75067,1
TX,75069,1
TX,75071,1
TX,75074,1
TX,75080,1
TX,75087,1
TX,75092,2
TX,75093,2
TX,75103,1
TX,75115,1
TX,75126,4
TX,75149,1
TX,75156,1
TX,75160,1
TX,75201,1
TX,75203,1
TX,75212,1
TX,75216,3
TX,75225,2
TX,75228,2
TX,75235,1
TX,75237,1
TX,75240,2
TX,75243,2
TX,75248,1
TX,75251,1
TX,75401,2
TX,75407,1
TX,75440,1
TX,75460,1
TX,75495,1
TX,75503,2
TX,75601,4
TX,75701,1
TX,75702,1
TX,75751,1
TX,75773,1
TX,75801,1
TX,75904,1
TX,75965,1
TX,75972,1
TX,75979,1
TX,76011,2
TX,76018,2
TX,76028,1
TX,76031,1
TX,76048,1
TX,76051,1
TX,76063,1
TX,76067,1
TX,76086,1
TX,76092,1
TX,76104,1
TX,76107,3
TX,76116,1
TX,76120,1
TX,76132,1
TX,76180,1
TX,76201,1
TX,76230,1
TX,76234,1
TX,76301,3
TX,76380,1
TX,76384,1
TX,76401,1
TX,76450,1
TX,76501,1
TX,76504,1
TX,76520,1
TX,76542,1
TX,76543,1
TX,76574,1
TX,76711,1
TX,76712,1
TX,76801,1
TX,76834,1
TX,76844,1
TX,76849,1
TX,76901,1
TX,77002,1
TX,77004,1
TX,77006,1
TX,77007,1
TX,77008,4
TX,77018,2
TX,77022,1
TX,77027,1
TX,77028,1
TX,77030,2
TX,77036,2
TX,77040,1
TX,77055,1
TX,77058,1
TX,77067,1
TX,77074,2
TX,77077,2
TX,77080,1
TX,77087,2
TX,77089,1
TX,77092,1
TX,77099,1
TX,77304,2
TX,77338,1
TX,77339,1
TX,77373,1
TX,77375,1
TX,77379,1
TX,77380,1
TX,77382,1
TX,77384,1
TX,77401,1
TX,77407,1
TX,77414,1
TX,77423,1
TX,77433,2
TX,77448,1
TX,77450,2
TX,77461,1
TX,77469,2
TX,77478,2
TX,77489,1
TX,77511,1
TX,77515,3
TX,77520,1
TX,77550,2
TX,77566,1
TX,77581,1
TX,77584,1
TX,77590,1
TX,77591,3
TX,77632,1
TX,77640,2
TX,77656,1
TX,77701,1
TX,77707,1
TX,77802,1
TX,77803,1
TX,77901,1
TX,77904,1
TX,78003,1
TX,78014,1
TX,78016,1
TX,78026,1
TX,78040,1
TX,78041,2
TX,78061,2
TX,78114,2
TX,78119,1
TX,78133,2
TX,78155,2
TX,78207,2
TX,78217,3
TX,78223,1
TX,78229,2
TX,78230,1
TX,78231,1
TX,78240,1
TX,78250,1
TX,78259,1
TX,78332,1
TX,78374,1
TX,78380,1
TX,78390,1
TX,78404,3
TX,78405,1
TX,78408,1
TX,78414,1
TX,78415,1
TX,78520,1
TX,78539,2
TX,78550,2
TX,78577,1
TX,78596,1
TX,78602,1
TX,78613,4
TX,78624,1
TX,78626,4
TX,78629,1
TX,78636,1
TX,78640,1
TX,78644,2
TX,78653,1
TX,78654,1
TX,78664,1
TX,78666,2
TX,78676,1
TX,78681,1
TX,78702,1
TX,78704,1
TX,78731,1
TX,78732,1
TX,78739,1
TX,78744,1
TX,78745,2
TX,78746,2
TX,78751,1
TX,78754,1
TX,78758,1
TX,78759,2
TX,78801,1
TX,78834,2
TX,78839,1
TX,78840,1
TX,78852,3
TX,78942,1
TX,78945,1
TX,79106,2
TX,79119,1
TX,79124,1
TX,79201,1
TX,79252,1
TX,79356,1
TX,79404,1
TX,79412,2
TX,79413,2
TX,79414,1
TX,79415,1
TX,79512,1
TX,79521,1
TX,79549,1
TX,79556,1
TX,79567,1
TX,79606,1
TX,79701,1
TX,79720,1
TX,79735,1
TX,79761,1
TX,79830,1
TX,79845,1
TX,79855,1
TX,79902,3
TX,79905,2
TX,79907,1
TX,79912,3
TX,79924,1
TX,79925,6
TX,79931,1
TX,79936,2
UT,84003,10
UT,84004,1
UT,84005,1
UT,84010,5
UT,84014,1
UT,84015,3
UT,84020,14
UT,84021,1
UT,84032,4
UT,84037,2
UT,84040,1
UT,84041,4
UT,84042,1
UT,84043,1
UT,84045,2
UT,84047,4
UT,84049,2
UT,84055,2
UT,84057,5
UT,84058,4
UT,84060,2
UT,84062,4
UT,84065,3
UT,84066,1
UT,84067,1
UT,84070,5
UT,84074,5
UT,84075,1
UT,84078,1
UT,84081,1
UT,84084,3
UT,84088,5
UT,84093,1
UT,84094,6
UT,84095,5
UT,84096,2
UT,84097,5
UT,84098,1
UT,84101,9
UT,84102,5
UT,84103,2
UT,84104,1
UT,84105,2
UT,84106,5
UT,84107,13
UT,84108,1
UT,84111,4
UT,84115,7
UT,84117,4
UT,84119,3
UT,84120,1
UT,84121,5
UT,84123,6
UT,84124,3
UT,84132,1
UT,84302,6
UT,84310,1
UT,84321,2
UT,84332,1
UT,84337,1
UT,84339,1
UT,84341,2
UT,84401,6
UT,84403,1
UT,84404,1
UT,84405,2
UT,84501,4
UT,84511,1
UT,84513,2
UT,84525,1
UT,84526,1
UT,84532,2
UT,84534,1
UT,84539,1
UT,84601,5
UT,84603,1
UT,84604,4
UT,84606,4
UT,84624,2
UT,84627,1
UT,84629,1
UT,84631,1
UT,84636,1
UT,84637,1
UT,84646,1
UT,84647,1
UT,84648,1
UT,84651,2
UT,84660,5
UT,84663,3
UT,84664,2
UT,84701,2
UT,84713,1
UT,84714,1
UT,84720,1
UT,84721,3
UT,84725,1
UT,84726,1
UT,84730,1
UT,84737,2
UT,84741,1
UT,84747,1
UT,84751,1
UT,84759,1
UT,84770,6
UT,84780,1
UT,84790,1
VA,20109,2
VA,20110,2
VA,20151,2
VA,20165,1
VA,20166,1
VA,20175,4
VA,20176,3
VA,20186,1
VA,20190,1
VA,22003,1
VA,22030,1
VA,22031,3
VA,22032,1
VA,22039,1
VA,22066,1
VA,22101,2
VA,22151,1
VA,22182,2
VA,22191,2
VA,22192,2
VA,22203,1
VA,22204,1
VA,22205,2
VA,22306,1
VA,22310,2
VA,22311,1
VA,22312,1
VA,22315,1
VA,22401,3
VA,22405,1
VA,22407,1
VA,22408,1
VA,22482,1
VA,22485,1
VA,22503,1
VA,22514,1
VA,22546,1
VA,22554,1
VA,22560,2
VA,22601,7
VA,22602,4
VA,22625,1
VA,22630,3
VA,22657,1
VA,22664,1
VA,22701,4
VA,22801,1
VA,22835,2
VA,22901,2
VA,22903,2
VA,22911,1
VA,22939,1
VA,23002,1
VA,23005,2
VA,23060,4
VA,23061,3
VA,23063,1
VA,23069,2
VA,23116,1
VA,23139,1
VA,23140,1
VA,23185,4
VA,23188,1
VA,23219,1
VA,23220,1
VA,23222,1
VA,23223,1
VA,23226,1
VA,23227,1
VA,23228,1
VA,23229,1
VA,23230,1
VA,23235,2
VA,23238,1
VA,23294,2
VA,23320,1
VA,23321,1
VA,23421,2
VA,23430,1
VA,23434,3
VA,23435,1
VA,23454,3
VA,23455,1
VA,23462,5
VA,23504,3
VA,23505,1
VA,23513,1
VA,23517,2
VA,23523,1
VA,23601,1
VA,23606,1
VA,23666,5
VA,23667,1
VA,23669,1
VA,23692,1
VA,23704,1
VA,23707,1
VA,23803,2
VA,23805,2
VA,23832,1
VA,23834,1
VA,23838,1
VA,23841,1
VA,23847,1
VA,23851,2
VA,23867,1
VA,23868,1
VA,23901,1
VA,23917,1
VA,23923,1
VA,23952,1
VA,23970,1
VA,24012,2
VA,24016,4
VA,24018,1
VA,24060,2
VA,24073,1
VA,24091,1
VA,24112,4
VA,24134,1
VA,24141,2
VA,24151,1
VA,24153,3
VA,24171,1
VA,24201,1
VA,24202,3
VA,24210,5
VA,24219,2
VA,24228,2
VA,24230,1
VA,24260,1
VA,24263,2
VA,24266,4
VA,24273,4
VA,24277,3
VA,24290,1
VA,24301,2
VA,24333,2
VA,24343,1
VA,24348,1
VA,24354,2
VA,24382,3
VA,24401,2
VA,24426,2
VA,24450,1
VA,24501,2
VA,24502,2
VA,24522,1
VA,24523,1
VA,24540,3
VA,24541,3
VA,24551,1
VA,24592,2
VA,24609,3
VA,24614,2
VA,24620,1
VA,24631,1
VA,24637,1
VA,24641,1
VA,24651,1
VA,24656,2
WA,98002,3
WA,98004,4
WA,98005,4
WA,98008,1
WA,98019,3
WA,98020,1
WA,98022,1
WA,98026,2
WA,98027,2
WA,98032,4
WA,98033,3
WA,98034,3
WA,98037,1
WA,98045,1
WA,98052,2
WA,98057,1
WA,98070,1
WA,98104,3
WA,98106,1
WA,98108,2
WA,98115,1
WA,98121,1
WA,98122,3
WA,98125,2
WA,98133,4
WA,98144,2
WA,98155,2
WA,98166,1
WA,98168,1
WA,98188,2
WA,98204,1
WA,98223,2
WA,98225,1
WA,98226,4
WA,98245,1
WA,98250,1
WA,98261,1
WA,98271,1
WA,98272,2
WA,98273,2
WA,98277,3
WA,98296,1
WA,98310,1
WA,98331,1
WA,98338,1
WA,98362,3
WA,98363,1
WA,98368,1
WA,98373,1
WA,98374,1
WA,98382,1
WA,98392,1
WA,98402,1
WA,98405,2
WA,98406,2
WA,98409,1
WA,98424,1
WA,98467,1
WA,98493,1
WA,98498,1
WA,98499,3
WA,98501,1
WA,98503,1
WA,98506,3
WA,98512,2
WA,98516,2
WA,98520,3
WA,98528,1
WA,98531,1
WA,98532,3
WA,98550,1
WA,98564,1
WA,98577,2
WA,98584,6
WA,98587,1
WA,98597,2
WA,98607,1
WA,98612,1
WA,98626,2
WA,98631,1
WA,98632,9
WA,98640,1
WA,98642,1
WA,98660,1
WA,98661,3
WA,98682,1
WA,98684,1
WA,98801,2
WA,98802,1
WA,98823,1
WA,98826,1
WA,98837,1
WA,98901,5
WA,98902,3
WA,98907,4
WA,98921,1
WA,98932,1
WA,98944,1
WA,98948,1
WA,99001,1
WA,99133,1
WA,99155,1
WA,99163,1
WA,99201,4
WA,99202,1
WA,99204,1
WA,99205,2
WA,99206,1
WA,99208,1
WA,99210,1
WA,99216,1
WA,99224,1
WA,99301,1
WA,99344,1
WA,99347,1
WA,99352,1
WA,99362,2
WA,99403,1
WI,53005,2
WI,53029,1
WI,53039,1
WI,53040,1
WI,53066,3
WI,53073,1
WI,53074,1
WI,53081,3
WI,53083,1
WI,53089,1
WI,53092,1
WI,53094,2
WI,53095,2
WI,53097,1
WI,53098,1
WI,53110,1
WI,53121,1
WI,53122,1
WI,53140,1
WI,53142,2
WI,53143,1
WI,53149,2
WI,53150,1
WI,53151,1
WI,53154,2
WI,53182,1
WI,53186,2
WI,53188,3
WI,53189,1
WI,53190,2
WI,53204,1
WI,53205,1
WI,53208,1
WI,53210,2
WI,53211,2
WI,53212,4
WI,53213,1
WI,53214,1
WI,53215,1
WI,53216,1
WI,53217,1
WI,53218,1
WI,53220,1
WI,53221,1
WI,53222,3
WI,53223,3
WI,53226,1
WI,53227,2
WI,53233,1
WI,53295,1
WI,53403,2
WI,53406,1
WI,53511,2
WI,53530,1
WI,53538,1
WI,53545,2
WI,53548,1
WI,53566,1
WI,53578,1
WI,53581,2
WI,53589,1
WI,53590,1
WI,53704,1
WI,53705,1
WI,53711,1
WI,53713,3
WI,53715,2
WI,53716,1
WI,53717,1
WI,53718,1
WI,53719,1
WI,53792,1
WI,53821,3
WI,53901,1
WI,53913,3
WI,53916,2
WI,53925,1
WI,53948,2
WI,53959,2
WI,54001,1
WI,54002,1
WI,54011,1
WI,54016,2
WI,54017,1
WI,54022,1
WI,54115,1
WI,54135,1
WI,54138,1
WI,54143,3
WI,54153,1
WI,54166,3
WI,54216,1
WI,54221,2
WI,54235,1
WI,54241,1
WI,54301,3
WI,54303,4
WI,54305,1
WI,54311,3
WI,54403,2
WI,54405,1
WI,54449,1
WI,54451,2
WI,54456,1
WI,54460,1
WI,54474,1
WI,54476,1
WI,54481,2
WI,54491,1
WI,54494,2
WI,54495,1
WI,54501,2
WI,54534,2
WI,54538,1
WI,54552,1
WI,54601,5
WI,54612,1
WI,54650,2
WI,54656,3
WI,54660,3
WI,54665,1
WI,54701,3
WI,54722,2
WI,54729,3
WI,54751,2
WI,54773,2
WI,54801,1
WI,54806,3
WI,54829,1
WI,54843,4
WI,54847,1
WI,54848,1
WI,54859,1
WI,54868,2
WI,54871,1
WI,54872,1
WI,54880,1
WI,54889,1
WI,54891,1
WI,54893,1
WI,54901,1
WI,54913,1
WI,54914,5
WI,54941,1
WI,54952,1
WI,54956,1
WI,54981,3
WI,54982,1
WV,24701,1
WV,24740,2
WV,24801,1
WV,24817,1
WV,24880,1
WV,24954,1
WV,24957,2
WV,24983,1
WV,25053,1
WV,25064,1
WV,25130,1
WV,25177,1
WV,25260,1
WV,25271,1
WV,25276,1
WV,25301,3
WV,25304,2
WV,25313,1
WV,25315,1
WV,25387,2
WV,25401,6
WV,25411,1
WV,25414,1
WV,25430,1
WV,25504,2
WV,25506,1
WV,25526,1
WV,25550,1
WV,25560,1
WV,25570,1
WV,25601,2
WV,25661,3
WV,25667,1
WV,25701,2
WV,25703,2
WV,25704,1
WV,25705,2
WV,25801,1
WV,25840,1
WV,25882,1
WV,25951,2
WV,26003,5
WV,26034,1
WV,26038,1
WV,26041,1
WV,26050,1
WV,26062,4
WV,26101,3
WV,26104,1
WV,26155,3
WV,26164,1
WV,26170,1
WV,26201,2
WV,26241,2
WV,26250,1
WV,26287,1
WV,26288,1
WV,26301,4
WV,26330,1
WV,26351,1
WV,26354,1
WV,26378,1
WV,26501,1
WV,26505,1
WV,26508,3
WV,26537,1
WV,26554,4
WV,26601,1
WV,26651,2
WV,26726,1
WV,26757,1
WV,26836,1
WV,26847,1
WY,82001,3
WY,82007,1
WY,82072,2
WY,82201,1
WY,82225,1
WY,82240,1
WY,82301,1
WY,82401,1
WY,82410,1
WY,82414,1
WY,82431,1
WY,82435,1
WY,82443,1
WY,82501,1
WY,82514,1
WY,82520,2
WY,82601,2
WY,82633,1
WY,82701,1
WY,82716,2
WY,82717,1
WY,82729,1
WY,82801,1
WY,82834,1
WY,82901,6
WY,82930,1
WY,82937,1
WY,82941,1
WY,83001,1
WY,83101,1
WY,83110,1
WY,83127,1
